<?xml version="1.0" encoding="UTF-8"?><rss version="2.0"
	xmlns:content="http://purl.org/rss/1.0/modules/content/"
	xmlns:wfw="http://wellformedweb.org/CommentAPI/"
	xmlns:dc="http://purl.org/dc/elements/1.1/"
	xmlns:atom="http://www.w3.org/2005/Atom"
	xmlns:sy="http://purl.org/rss/1.0/modules/syndication/"
	xmlns:slash="http://purl.org/rss/1.0/modules/slash/"
	
	xmlns:georss="http://www.georss.org/georss"
	xmlns:geo="http://www.w3.org/2003/01/geo/wgs84_pos#"
	>

<channel>
	<title>IPHONE</title>
	<atom:link href="http://localhost/mypj/wordpress/danh-muc-san-pham/dien-thoai/iphone/feed/?simply_static_page=79240" rel="self" type="application/rss+xml" />
	<link></link>
	<description></description>
	<lastBuildDate>Mon, 25 Mar 2024 11:58:57 +0000</lastBuildDate>
	<language>vi</language>
	<sy:updatePeriod>
	hourly	</sy:updatePeriod>
	<sy:updateFrequency>
	1	</sy:updateFrequency>
	<generator>https://wordpress.org/?v=6.4.3</generator>
	<item>
		<title>IPHONE 14 PRO MAX</title>
		<link>/san-pham/iphone-14-pro-max/</link>
					<comments>/san-pham/iphone-14-pro-max/#respond</comments>
		
		<dc:creator><![CDATA[khanhs]]></dc:creator>
		<pubDate>Mon, 25 Mar 2024 11:29:37 +0000</pubDate>
				<guid isPermaLink="false">/?post_type=product#038;p=55</guid>

					<description><![CDATA[ĐẶC ĐIỂM NỔI BẬT Màn hình Dynamic Island – Sự biến mất của màn hình tai thỏ thay thế bằng thiết kế viên thuốc, OLED 6,7 inch, hỗ trợ always-on]]></description>
										<content:encoded><![CDATA[<h2 class="wp-block-heading">ĐẶC ĐIỂM NỔI BẬT</h2>
<ul>
<li>Màn hình Dynamic Island – Sự biến mất của màn hình tai thỏ thay thế bằng thiết kế viên thuốc, OLED 6,7 inch, hỗ trợ always-on display</li>
<li>Cấu hình iPhone 14 Pro Max mạnh mẽ, hiệu năng cực khủng từ chipset A16 Bionic</li>
<li>Làm chủ công nghệ nhiếp ảnh – Camera sau 48MP, cảm biến TOF sống động</li>
<li>Pin liền lithium-ion kết hợp cùng công nghệ sạc nhanh cải tiến</li>
</ul>
<blockquote class="wp-block-quote"><p><a href="https://cellphones.com.vn/iphone-14-pro-max.html"><strong>iPhone 14 Pro Max</strong></a> sở hữu thiết kế màn hình<strong> Dynamic Island</strong> ấn tượng cùng màn hình <strong>OLED 6,7 inch</strong> hỗ trợ always-on display và hiệu năng vượt trội với <strong>chip A16 Bionic</strong>. Bên cạnh đó máy còn sở hữu nhiều nâng cấp về camera với cụm<strong> camera sau 48MP</strong>, camera trước 12MP dùng bộ nhớ <strong>RAM 6GB</strong> đa nhiệm vượt trội. Cùng phân tích chi tiết thông số siêu phẩm này ngay sau đây.</p></blockquote>
<figure class="wp-block-image"><img decoding="async" src="https://cdn2.cellphones.com.vn/insecure/rs:fill:0:0/q:90/plain/https://cellphones.com.vn/media/wysiwyg/Phone/Apple/iphone-14/iphone-14-pro-max-0.jpg" alt="Đánh giá iPhone 14" /></figure>
<h2 class="wp-block-heading"><strong>Những ưu đãi hấp dẫn khi mua iPhone 14 Pro Max chính hãng VN/A tại CellphoneS</strong></h2>
<p>Trước tiên, khi chọn <strong>mua iPhone 14 Pro Max chính hãng</strong> tại Hệ thống CellphoneS bạn sẽ được sở hữu điện thoại với mức giá vô cùng ưu đãi. Ngoài ra, CellphoneS hiện nay còn có thêm các chương trình khuyến mãi hấp dẫn khi khách hàng chọn thanh toán qua những thẻ ngân hàng và ví điện tử sau:</p>
<ul>
<li>Khi mở thẻ ngân hàng VPBank, bạn sẽ được ưu đãi đến 500 nghìn đồng</li>
<li>Nếu thanh toán qua thẻ Kredivo, bạn còn được giảm thêm 5% trên giá trị sản phẩm (tối đa 200 nghìn đồng)</li>
<li>Nhận ngay voucher giảm giá 200 nghìn đồng khi mở thẻ tín dụng ViB tại CellphoneS</li>
</ul>
<figure class="wp-block-image"><img decoding="async" src="https://cdn2.cellphones.com.vn/insecure/rs:fill:0:0/q:90/plain/https://cellphones.com.vn/media/wysiwyg/Phone/Apple/iphone-14/iphone-14-pro-max-1_1.jpg" alt="ưu đãi hấp dẫn khi mua iPhone 14 Pro Max chính hãng VN/A t" /></figure>
<p>Bên cạnh các chương trình ưu đãi khi thanh toán qua thẻ ngân hàng hoặc ví điện tử, bạn còn được giảm thêm 1% khi là thành viên Smember (tuỳ sản phẩm). CellphoneS cũng hỗ trợ chương trình trả góp với mức <strong>lãi suất 0%</strong> nhằm hỗ trợ khách hàng giảm bớt gánh nặng tài chính nhưng vẫn có điện thoại để sử dụng.</p>
<p>Đặc biệt hơn, nếu bạn đang sở hữu một chiếc điện thoại cũ và muốn <strong>lên đời iPhone 14 Pro Max</strong> thì có thể tham khảo chương trình thu cũ đổi mới của CellphoneS. Mức trợ giá khi thu cũ đổi mới CellphoneS đưa ra lên đến 2 triệu đồng cùng thủ tục thu cũ đơn giản, nhanh chóng giúp bạn tiết kiệm khoản chi phí đáng kể.</p>
<p>Ngoài ra, Apple cũng vừa trình làng dòng <a href="https://cellphones.com.vn/iphone-15-pro-max.html" target="_blank" rel="noreferrer noopener"><strong>điện thoại iPhone 15 Pro Max</strong></a> với nhiều cải tiến mới mẻ, đặc biệt là camera, thiết kế, chất liệu và hiệu năng. Khách hàng có thể đặt trước tại CellphoneS từ ngày 22/9 và nhận hàng vào ngày 29/9/2023 với nhiều ưu đãi hấp dẫn.</p>
<h2 class="wp-block-heading"><strong>Những điểm mới trên iPhone 14 Pro Max với iPhone 13 Pro Max</strong></h2>
<p>Vậy <strong>iPhone 14 Pro Max</strong> có điểm gì mới so với người tiền nhiệm iPhone 13 Pro Max? Để có được góc nhìn tổng quan về 2 dòng flagship nhà Apple, bạn đọc hãy theo dõi <strong>bảng so sánh</strong> bên dưới nhé:</p>
<figure class="wp-block-table">
<table>
<tbody>
<tr>
<td></td>
<td><strong>iPhone 14 Pro Max</strong></td>
<td><strong>iPhone 13 Pro Max</strong></td>
</tr>
<tr>
<td>Kích thước</td>
<td>160.7 x 77.6 x 7.9 mm</td>
<td>160.8 x 78.1 x 7.7 mm</td>
</tr>
<tr>
<td>Trọng lượng</td>
<td>240 gam</td>
<td>240 gam</td>
</tr>
<tr>
<td>Màu sắc</td>
<td>Đen, Tím, Bạc, Vàng</td>
<td>Đen, Xanh dương, Bạc, Xanh lá, Vàng</td>
</tr>
<tr>
<td>Màn hình</td>
<td>OLED Retina 6.7 inchThiết kế viên thuốcDynamic IslandMàn hình luôn bật</td>
<td>OLED Retina 6.7 inchThiết kế tai thỏ</td>
</tr>
<tr>
<td>Độ phân giải</td>
<td>2796 x 1290 pixel</td>
<td>2778 x 1284 pixel</td>
</tr>
<tr>
<td>Mật độ điểm ảnh</td>
<td>460 PPI</td>
<td>458 PPI</td>
</tr>
<tr>
<td>Độ sáng tối đa</td>
<td>2000 nits</td>
<td>1200 nits</td>
</tr>
<tr>
<td>Tần số quét</td>
<td>Từ 1Hz đến 120Hz</td>
<td>Từ 10Hz đến 120Hz</td>
</tr>
<tr>
<td>Bộ vi xử lý</td>
<td>A16 Bionic</td>
<td>A15 Bionic</td>
</tr>
<tr>
<td>Dung lượng RAM</td>
<td>6GB</td>
<td>6GB</td>
</tr>
<tr>
<td>Bộ nhớ trong</td>
<td>128GB, 256GB, 512GB, 1TB</td>
<td>128GB, 256GB, 512GB, 1TB</td>
</tr>
<tr>
<td>Dung lượng pin</td>
<td>4352 mAh</td>
<td>4352 mAh</td>
</tr>
<tr>
<td>Công suất sạc</td>
<td>20W khi sạc có dây15W khi sạc Magsafe không dây7,5W khi sạc Qi không dây</td>
<td>20W khi sạc có dây15W khi sạc Magsafe không dây7,5W khi sạc Qi không dây</td>
</tr>
<tr>
<td>Camera</td>
<td>48MP + 12MP + 12MP</td>
<td>12MP + 12MP + 12MP</td>
</tr>
<tr>
<td>Hỗ trợ 5G</td>
<td>Có</td>
<td>Có</td>
</tr>
</tbody>
</table>
</figure>
<h2 class="wp-block-heading"><strong>Đánh giá iPhone 14 Pro Max – siêu phẩm cao cấp nhất của Apple hiện tại </strong></h2>
<p>Những dòng <strong>iPhone</strong> đến từ nhà Apple đều có sức hút đặc biệt ngay từ thời điểm ra mắt và thế hệ <strong>iPhone 14 Pro Max</strong> cũng không ngoại lệ. Có thể nói, iPhone 14 Pro Max là sự kết hợp hoàn hảo giữa các yếu tố về thiết kế, cấu hình, tính năng, hệ điều hành,… Nếu bạn tò mò về siêu phẩm này, hãy đọc ngay phần đánh giá chi tiết phiên bản cao cấp nhất trong series <a href="https://cellphones.com.vn/mobile/apple/iphone-14.html"><strong>iPhone 14</strong></a> bên dưới nhé.</p>
<h3 class="wp-block-heading"><strong>Màn hình viên thuốc độc đáo</strong></h3>
<p>Ở dòng <strong>iPhone 14 Pro Max 128GB</strong>, Apple đã thay thế thiết kế tai thỏ truyền thống trước đó bằng <strong>thiết kế hình viên thuốc</strong> mới mẻ. Ưu điểm của thiết kế hình viên thuốc chính là không chiếm quá nhiều diện tích màn hình nhằm tối ưu hóa không gian hiển thị nội dung của smartphone.</p>
<p>Ngoài ra, siêu phẩm mới của nhà Táo cũng sở hữu kích thước màn hình đạt <strong>6.7 inch</strong> với độ phân giải 2796 x 1290 pixel, tấm nền OLED cùng công nghệ Retina độc quyền. Nhờ vào đó, người dùng sẽ có được những trải nghiệm giải trí và làm việc hoàn hảo với hình ảnh sắc nét và rực rỡ.</p>
<figure class="wp-block-image"><img decoding="async" src="https://cdn2.cellphones.com.vn/insecure/rs:fill:0:0/q:90/plain/https://cellphones.com.vn/media/wysiwyg/Phone/Apple/iphone-14/iphone-14-pro-max-2_1.jpg" alt="Đánh giá màn hình iPhone 14 Pro Max" /></figure>
<p>Nhằm giúp người dùng có thể sử dụng iPhone ngay dưới ánh nắng trực tiếp, Apple đã nâng cấp <strong>độ sáng tối đa đến 2000 nits</strong> ở siêu phẩm mới nhất. Hơn nữa, màn hình của máy cũng có khả năng tự động điều chỉnh ánh sáng phù hợp với môi trường giúp bảo vệ thị lực, cũng như tiết kiệm pin.</p>
<p>Cũng giống với người tiền nhiệm, thế hệ iPhone 14 Pro Max cũng được trang bị <strong>tần số quét đạt 120Hz</strong> nhằm tạo nên trải nghiệm chạm vuốt mượt mà cho người dùng. Đặc biệt hơn, tần số quét trên máy có thể tự động thay đổi dao động từ 1Hz đến 120Hz giúp hạn chế tiêu thụ dung lượng pin trên máy.</p>
<h3 class="wp-block-heading"><strong>Con chip A16 Bionic tiến trình 4nm mạnh mẽ</strong></h3>
<p>Phiên bản <strong>iPhone 14 Pro Max 128GB</strong> là lần đầu tiên Apple sử dụng con chip được xây dựng trên <strong>tiến trình 4nm – A16 Bionic</strong>. Con chip này có tổng cộng 6 nhân với 2 nhân hiệu suất cao kết hợp với 4 nhân tiết kiệm điện.</p>
<figure class="wp-block-image"><img decoding="async" src="https://cdn2.cellphones.com.vn/insecure/rs:fill:0:0/q:90/plain/https://cellphones.com.vn/media/wysiwyg/Phone/Apple/iphone-14/iphone-14-pro-max-3_1.jpg" alt="Đánh giá con chip iPhone 14 Pro Max" /></figure>
<p>Theo như đánh giá thực tế, hiệu suất xử lý của chip A16 Bionic <strong>nhanh hơn đến 10%</strong> so với phiên bản A15 trước đó. Ngoài ra, con chip này cũng đi kèm với GPU 5 nhân với băng thông bộ nhớ tăng thêm đến 50% so với dòng A15 giúp smartphone có thể xử lý những tựa game có đồ họa cao.</p>
<h3 class="wp-block-heading"><strong>Cấu hình ấn tượng, hiệu năng khủng</strong></h3>
<p>Bên cạnh trang bị con chip A16 Bionic mạnh mẽ, hiệu suất vượt trội của <strong>iPhone 14 Pro Max</strong> còn được bổ sung bởi dung lượng <strong>RAM 6GB</strong>. Nhờ vào đó, thiết bị có thể xử lý đa tác vụ cùng lúc và không gặp phải tình trạng giật, lag. Ngoài ra, chiếc smartphone cũng sở hữu bộ nhớ trong tối đa<strong> lên đến 1TB</strong> giúp người dùng lưu trữ mọi dữ liệu và ứng dụng yêu thích.</p>
<figure class="wp-block-image"><img decoding="async" src="https://cdn2.cellphones.com.vn/insecure/rs:fill:0:0/q:90/plain/https://cellphones.com.vn/media/wysiwyg/Phone/Apple/iphone-14/iphone-14-pro-max-4_1.jpg" alt="Đánh giá hiệu năng iPhone 14 Pro Max" /></figure>
<p>Điểm nhấn ở cấu hình của iPhone 14 Pro Max cũng nằm ở khả năng kết nối 5G với tốc độ vượt trội đạt đến 10 Gigabit/ giây. Nhờ vào đó, công nghệ 5G trên chiếc smartphone có thể hỗ trợ người dùng luôn giữ được kết nối mạng khi đang ở bất kỳ quốc gia nào trên thế giới và không gặp gián đoạn.</p>
<h3 class="wp-block-heading"><strong>Hệ điều hành IOS 16 cho khả năng cá nhân hoá cao</strong></h3>
<p>Dòng <strong>iPhone 14 Pro Max chạy trên hệ điều hành iOS 16</strong> được giới thiệu lần đầu tiên trong sự kiện công nghệ WWDC 2022. Điểm nổi bật được nhiều người dùng ưa chuộng ở phiên bản iOS 16 nằm ở <strong>tính cá nhân hóa cao</strong>. Bạn có thể tự do thay đổi màn hình khóa với các tiện ích, hình ảnh, font chữ,… theo ý thích.</p>
<figure class="wp-block-image"><img decoding="async" src="https://cdn2.cellphones.com.vn/insecure/rs:fill:0:0/q:90/plain/https://cellphones.com.vn/media/wysiwyg/Phone/Apple/iphone-14/iphone-14-pro-max-5_1.jpg" alt="Đánh giá hệ điều hành iPhone 14 Pro Max" /></figure>
<p>Hệ điều hành iOS 16 còn nổi bật với tính năng Live Activities hỗ trợ người dùng cập nhật các dữ liệu quan trọng như tiến độ tập luyện, đơn giao hàng,… Ngoài ra, iOS 16 còn bổ sung thêm tính năng thư viện ảnh chung trên iCloud giúp bạn dễ dàng chia sẻ những bức ảnh chụp với bạn bè, người thân, hay đồng nghiệp của mình.</p>
<h3 class="wp-block-heading"><strong>Camera chính 48MP sắc nét, zoom quang học 6X</strong></h3>
<p>Nhắc đến những chiếc điện thoại iPhone thì không thể không kể đến khả năng chụp ảnh và quay video. Ở thế hệ flagship <strong>iPhone 14 Pro Max 128GB</strong> mới nhất, Apple đã nâng cấp độ phân giải ở cảm biến chính của smartphone từ 12MP lên đến 48MP. Ống kính 48MP này sẽ hỗ trợ người dùng chụp những khung cảnh ở xa vô cùng sắc nét với khả năng <strong>zoom quang học đến 6x</strong>.</p>
<p>Hệ thống ống kính của iPhone 14 Pro Max còn được bổ sung một camera góc rộng 12MP và một camera TrueDepth 12MP. Hai ống kính có khả năng lấy nét tự động nhanh chóng, cũng như chụp ảnh trong điều kiện thiếu sáng rất tốt. Cùng với sự hỗ trợ của con chip A16 Bionic, những bức hình được chụp trên dòng máy này trở nên rực rỡ và sinh động hơn.</p>
<figure class="wp-block-image"><img decoding="async" src="https://cdn2.cellphones.com.vn/insecure/rs:fill:0:0/q:90/plain/https://cellphones.com.vn/media/wysiwyg/Phone/Apple/iphone-14/iphone-14-pro-max-6_1.jpg" alt="Đánh giá camera iPhone 14 Pro Max" /></figure>
<p>Bên cạnh đó, camera chính trên iPhone 14 Pro Max còn được trang bị thêm tính năng ProRAW có khả năng chụp những bức ảnh gốc vô cùng tự nhiên. Ngoài ra, Action Mode ở cụm camera trên máy cũng hỗ trợ chống rung và chống nhiễu khung hình khi quay chụp.</p>
<p>Với những cải tiến vượt bậc như trên, hệ thống camera trên dòng iPhone thế hệ mới có khả năng quay video với chất lượng 4K cùng với tốc độ 30 khung hình/ giây. Ngoài ra, ống kính của smartphone còn có thêm một số tính năng khác như chế độ HDR, chụp ảnh ban đêm, chụp góc rộng, chụp cận cảnh,…</p>
<p>Về camera selfie, thế hệ <strong>iPhone 14 2022</strong> mới nhất của nhà Táo có ống kính với độ phân giải đến 12MP cùng nhiều tính năng như tự động lấy nét, chụp phong cảnh, chụp chân dung,… Nhờ vào đó, người dùng có thể ghi lại những khoảnh khắc đáng nhớ trong cuộc sống hàng ngày vô cùng chân thực và sắc nét.</p>
<h3 class="wp-block-heading"><strong>Dung lượng pin vượt trội 4352mAh</strong></h3>
<p>Nhờ có dung lượng pin vượt trội <em>4352mAh</em> và khả năng tiết kiệm năng lượng của chip A16 Bionic, chiếc <strong>iPhone 14 Pro Max</strong> có thời gian hoạt động dài hơn so với người tiền nhiệm. Cụ thể, thời gian tiêu thụ pin của smartphone đối với từng tác vụ như sau:</p>
<figure class="wp-block-table">
<table>
<tbody>
<tr>
<td><strong>Tác vụ</strong></td>
<td><strong>Thời gian tiêu thụ pin</strong></td>
</tr>
<tr>
<td>Xem video</td>
<td>29 giờ</td>
</tr>
<tr>
<td>Phát trực tuyến video</td>
<td>25 giờ</td>
</tr>
<tr>
<td>Phát lại âm thanh</td>
<td>95 giờ</td>
</tr>
</tbody>
</table>
</figure>
<p>** Thời lượng sử dụng thực tế sẽ thay đổi tùy thuộc cài đặt đặt thiết bị cũng như môi trường xung quanh.</p>
<p>Sản phẩm vẫn được trang bị công suất sạc 20W giống với người tiền nhiệm. Tuy nhiên, bạn có thể nạp đầy đến 50% dung lượng pin cho điện thoại chỉ trong vòng 30 phút. Ngoài ra, thiết bị cũng hỗ trợ người dùng sạc không dây Magsafe với 15W và sạc không dây Qi với 7,5W.</p>
<h3 class="wp-block-heading"><strong>Tính năng màn hình Dynamic Island</strong></h3>
<p>Điều làm nên khác biệt ở dòng iPhone 14 Pro Max nằm ở tính năng <strong>màn hình Dynamic Island</strong> độc đáo. Thông qua tính năng này, bạn có thể theo dõi các thông báo trên điện thoại, điều hướng bản đồ, tùy chỉnh những bản nhạc,… vô cùng tiện lợi.</p>
<p>Ngoài ra, siêu phẩm mới của nhà Táo khuyết còn được trang bị thêm <strong>tính năng màn hình luôn bật (Always-On display)</strong>. Theo đó, người dùng có thể xem được đồng hồ, các thông báo trên điện thoại,… nhanh chóng và không cần phải khởi động màn hình như trước.</p>
<figure class="wp-block-image"><img decoding="async" src="https://cdn2.cellphones.com.vn/insecure/rs:fill:0:0/q:90/plain/https://cellphones.com.vn/media/wysiwyg/Phone/Apple/iphone-14/iphone-14-pro-max-7_1.jpg" alt="Tính năng iPhone 14 Pro Max" /></figure>
<p>Gọi điện qua vệ tinh (Emergency SOS) cũng là một tính năng hữu ích được bổ sung ở thế hệ <strong>iPhone 14 Pro Max</strong>. Khi không thể kết nối với Wifi và dữ liệu di động, chiếc iPhone của bạn sẽ tự động kết nối với hệ thống vệ tinh và thông báo tình trạng khẩn cấp của bạn đến nơi cứu hộ gần nhất.</p>
<p>Thêm vào đó là tính năng Phát hiện va chạm tự động (Crash Detection). Tính năng này sử dụng con quay hồi chuyển và gia tốc kế được trang bị trên iPhone để xác định những va chạm xe ô tô đang xảy ra. Nếu có va chạm xảy ra, chiếc smartphone sẽ tự động gửi thông báo đến trạm cấp cứu, cũng như số điện thoại liên hệ bạn đã thiết lập trước đó.</p>
<h2 class="wp-block-heading"><strong>iPhone 14 Pro Max có mấy màu?</strong></h2>
<p>Trong lần ra mắt mới nhất, dòng <strong>iPhone 14 Pro Max</strong> của nhà Táo vẫn thu hút nhiều người dùng bởi thiết kế vô cùng sang trọng và thời thượng. Chiếc smartphone sẽ giúp bạn thể hiện cá tính riêng của mình thông qua <strong>4 gam màu bao gồm: tím đậm, vàng gold, đen và bạc</strong>.</p>
<p><strong>Màu tím đậm</strong>: Chiếc iPhone 14 Pro Max mang màu tím đậm thể hiện phong cách lịch sự và nhã nhặn. Đây là sự lựa chọn hoàn hảo cho những ai theo đuổi phong cách cá tính, trẻ trung và năng động;</p>
<p><strong>Màu vàng Gold</strong>: Phiên bản iPhone màu vàng Gold mang đến nét đẹp vô cùng sang trọng và thanh lịch cho người sử dụng. Đặc biệt hơn, màu vàng Gold có ưu điểm nổi bật là các vết trầy gây mất thẩm mỹ trên máy rất ít bị phát hiện so hơn so với các gam màu khác;</p>
<figure class="wp-block-image"><img decoding="async" src="https://cdn2.cellphones.com.vn/insecure/rs:fill:0:0/q:90/plain/https://cellphones.com.vn/media/wysiwyg/Phone/Apple/iphone-14/iphone-14-pro-max-8_1.jpg" alt="iPhone 14 Pro Max có mấy màu" /></figure>
<p><strong>Màu đen</strong>: Tông màu đen là gam màu cơ bản ở tất cả các phiên bản iPhone của nhà Apple. Màu đen sở hữu nét đẹp huyền bí và không bao giờ bị lỗi thời;</p>
<p><strong>Màu bạc</strong>: Những chiếc iPhone màu bạc sở hữu vẻ ngoài khá độc đáo và tôn lên nét đẹp sang trọng và đẳng cấp cho người sử dụng. Gam màu bạc phù hợp với nhiều đối tượng khách hàng từ những người trẻ đến cao tuổi.</p>
<h2 class="wp-block-heading"><strong>iPhone 14 Pro Max có bao nhiêu phiên bản dung lượng bộ nhớ?</strong></h2>
<p>Ở dòng flagship thế hệ mới, thương hiệu Apple đã có những bước cải tiến vượt bậc về dung lượng bộ nhớ của sản phẩm. Cụ thể hơn, dòng <strong>iPhone 14 Pro Max</strong> được mở bán với 4 tùy chọn bộ nhớ trong bao gồm: <strong>128GB, 256GB, 512GB và 1TB.</strong></p>
<figure class="wp-block-image"><img decoding="async" src="https://cdn2.cellphones.com.vn/insecure/rs:fill:0:0/q:90/plain/https://cellphones.com.vn/media/wysiwyg/Phone/Apple/iphone-14/iphone-14-pro-max-9_1.jpg" alt="iPhone 14 Pro Max có bao nhiêu phiên bản dung lượng bộ nhớ" /></figure>
<p>Có thể thấy, dung lượng bộ nhớ tối đa của chiếc flagship này đạt đến 1TB có thể đáp ứng nhu cầu lưu trữ dữ liệu khổng lồ của mọi người tiêu dùng. Giờ đây, với chiếc iPhone này bạn có thể lưu lại mọi thông tin và cài đặt các ứng dụng yêu thích và mang theo đến bất kỳ đâu.</p>
<h2 class="wp-block-heading">iPhone 14 Pro Max hỗ trợ bao nhiêu sim?</h2>
<p>Theo như nguồn tin chính thức từ phía nhà sản xuất Apple, các mẫu <strong>iPhone 14 Pro Max 128GB</strong> chính hãng ở Việt Nam vẫn được trang bị <strong>một khe cắm sim vật lý</strong>. Chiếc điện thoại sẽ bao gồm 1 eSim và 1 sim vật lý truyền thống. Nhờ vào đó, người dùng có thể sử dụng cùng lúc 2 số điện thoại trên chiếc smartphone.</p>
<figure class="wp-block-image"><img decoding="async" src="https://cdn2.cellphones.com.vn/insecure/rs:fill:0:0/q:90/plain/https://cellphones.com.vn/media/wysiwyg/Phone/Apple/iphone-14/iphone-14-pro-max-10_1.jpg" alt="iPhone 14 Pro Max hỗ trợ bao nhiêu sim" /></figure>
<h2 class="wp-block-heading"><strong>Điện thoại iPhone 14 Pro Max giá bao nhiêu?</strong></h2>
<p>Có thể thấy, iPhone 14 Pro Max là chiếc smartphone vô cùng hoàn hảo từ thiết kế bên ngoài đến các thông số cấu hình bên trong. Giá bán của dòng flagship này khá đa dạng, tùy thuộc vào dung lượng bộ nhớ trong trên từng sản phẩm.</p>
<p>Cụ thể <strong>giá bán của iPhone 14 Pro Max tại CellphoneS</strong> như sau (chưa tính trợ giá lên đời 2.000.000 VND):</p>
<ul>
<li>Phiên bản iPhone 14 Pro Max 128GB: chỉ từ 26.250.000 VND</li>
<li>Phiên bản iPhone 14 Pro Max 256GB: chỉ từ 29.190.000 VND</li>
<li>Phiên bản iPhone 14 Pro Max 512GB: chỉ từ 35.390.000 VND</li>
<li>Phiên bản iPhone 14 Pro Max 1TB: chỉ từ41.790.000 VND</li>
</ul>
<p>Lưu ý: giá bán có thể thay đổi theo thời điểm, quý khách hàng hãy liên hệ ngay với CellphoneS để biết mức giá hiện tại cho từng phiên bản. Bên cạnh phiên bản Pro Max, quý khách có thể tham khảo giá bán <a href="https://cellphones.com.vn/iphone-14.html"><strong>iPhone 14 bản tiêu chuẩn</strong></a> với mức giá hấp dẫn và nhiều ưu đãi khác.</p>
<figure class="wp-block-image"><img decoding="async" src="https://cdn2.cellphones.com.vn/insecure/rs:fill:0:0/q:90/plain/https://cellphones.com.vn/media/wysiwyg/Phone/Apple/iphone-14/iphone-14-pro-max-11_1.jpg" alt="iPhone 14 Pro Max được bán với giá bao nhiêu" /></figure>
<h2 class="wp-block-heading"><strong>Khi nào iPhone 14 Pro Max được mở bán?</strong></h2>
<p>iPhone 14 Pro Max sẽ được giới thiệu chung với những sản phẩm khác nằm trong bộ sưu tập iPhone 14. Theo đó, chiếc flagship được giới thiệu với thị trường công nghệ trên toàn thế giới tại sự kiện Far Out của Apple được tổ chức vào <strong>ngày 8 tháng 9 năm 2022</strong>.</p>
<figure class="wp-block-image"><img decoding="async" src="https://cdn2.cellphones.com.vn/insecure/rs:fill:0:0/q:90/plain/https://cellphones.com.vn/media/wysiwyg/Phone/Apple/iphone-14/iphone-14-pro-max-12_1.jpg" alt="Khi nào iPhone 14 Pro Max được mở bán" /></figure>
<p>Tuy nhiên, phiên bản iPhone 14 Pro Max chỉ được mở bán chính thức tại Việt Nam vào ngày 14 tháng 10 năm 2022. Nếu muốn là người sở hữu siêu phẩm iPhone sớm nhất, bạn có thể đặt trước từ ngày 7 đến 13 tháng 10.</p>
<h2 class="wp-block-heading"><strong>Mua iPhone 14 Pro Max chính hãng VN/A chính hãng tại CellphoneS</strong></h2>
<p><strong>iPhone 14 Pro Max</strong> hiện nay được trưng bày và mở bán trên khắp các chi nhánh của Hệ thống bán lẻ công nghệ CellphoneS. Vì là đại lý ủy quyền chính thức của thương hiệu Apple nên bạn hoàn toàn yên tâm về chất lượng sản phẩm khi mua hàng tại CellphoneS.</p>
<figure class="wp-block-image"><img decoding="async" src="https://cdn2.cellphones.com.vn/insecure/rs:fill:0:0/q:90/plain/https://cellphones.com.vn/media/wysiwyg/Phone/Apple/iphone-14/iphone-14-pro-max-13.jpg" alt="Mua iPhone 14 Pro Max chính hãng VN/A chính hãng tại CellphoneS" /></figure>
<p>Nếu chọn <strong>mua iPhone 14 Pro Max ở CellphoneS</strong>, bạn còn được tham gia chương trình thu cũ đổi mới với mức trợ giá vô cùng hấp dẫn. Ngoài ra, CellphoneS cũng có thêm chương trình trả góp 0% lãi suất nhằm hỗ trợ khách hàng giảm gánh bớt gánh nặng tài chính nhưng vẫn sở hữu được chiếc iPhone yêu thích.</p>
<p>Bên cạnh đó, khách hàng khi mua iPhone cũng được áp dụng chính sách bảo hành 1 đổi 1 trong vòng 30 ngày khi sản phẩm gặp lỗi phần cứng từ nhà sản xuất. Nhanh chóng đến ngay chi nhánh CellphoneS gần nhất để được tư vấn chọn mua bạn nhé.</p>
]]></content:encoded>
					
					<wfw:commentRss>/san-pham/iphone-14-pro-max/feed/</wfw:commentRss>
			<slash:comments>0</slash:comments>
		
		
			</item>
		<item>
		<title>IPHONE 13</title>
		<link>/san-pham/iphone-13/</link>
					<comments>/san-pham/iphone-13/#respond</comments>
		
		<dc:creator><![CDATA[khanhs]]></dc:creator>
		<pubDate>Mon, 25 Mar 2024 11:27:47 +0000</pubDate>
				<guid isPermaLink="false">/?post_type=product#038;p=54</guid>

					<description><![CDATA[ĐẶC ĐIỂM NỔI BẬT Hiệu năng vượt trội – Chip Apple A15 Bionic mạnh mẽ, hỗ trợ mạng 5G tốc độ cao Không gian hiển thị sống động – Màn]]></description>
										<content:encoded><![CDATA[<h2 class="wp-block-heading">ĐẶC ĐIỂM NỔI BẬT</h2>
<ul>
<li>Hiệu năng vượt trội – Chip Apple A15 Bionic mạnh mẽ, hỗ trợ mạng 5G tốc độ cao</li>
<li>Không gian hiển thị sống động – Màn hình 6.1″ Super Retina XDR độ sáng cao, sắc nét</li>
<li>Trải nghiệm điện ảnh đỉnh cao – Camera kép 12MP, hỗ trợ ổn định hình ảnh quang học</li>
<li>Tối ưu điện năng – Sạc nhanh 20 W, đầy 50% pin trong khoảng 30 phút</li>
</ul>
<h2 class="wp-block-heading"><strong>Đánh giá iPhone 13 – Flagship được mong chờ năm 2021</strong></h2>
<p>Cuối năm 2020, bộ 4 iPhone 12 đã được ra mắt với nhiều cái tiến. Sau đó, mọi sự quan tâm lại đổ dồn vào sản phẩm tiếp theo – <strong>iPhone 13.</strong> Vậy iP 13 sẽ có những gì nổi bật, hãy tìm hiểu ngay sau đây nhé!</p>
<h3 class="wp-block-heading"><strong>Thiết kế với nhiều đột phá</strong></h3>
<p>Về kích thước, iPhone 13 sẽ có 4 phiên bản khác nhau và kích thước không đổi so với series iPhone 12 hiện tại. Nếu iPhone 12 có sự thay đổi trong thiết kế từ góc cạnh bo tròn (Thiết kế được duy trì từ thời iPhone 6 đến iPhone 11 Pro Max) sang thiết kế vuông vắn (đã từng có mặt trên iPhone 4 đến iPhone 5S, SE).</p>
<p>Thì trên <strong><a href="https://cellphones.com.vn/mobile/apple/iphone-13.html" target="_blank" rel="noreferrer noopener">điện thoại iPhone 13</a></strong> vẫn được duy trì một thiết kế tương tự. Máy vẫn có phiên bản khung viền thép, một số phiên bản khung nhôm cùng mặt lưng kính. Tương tự năm ngoái, Apple cũng sẽ cho ra mắt 4 phiên bản là iPhone 13, 13 mini, 13 Pro và 13 Pro Max.</p>
<figure class="wp-block-image"><img decoding="async" src="https://cdn2.cellphones.com.vn/insecure/rs:fill:0:0/q:90/plain/https://cellphones.com.vn/media/wysiwyg/mobile/apple/IPHONE-13-1.jpg" alt="Thiết kế với nhiều đột phá" /></figure>
<p>Phần tai thỏ trên iPhone 13 cũng có thay đổi so với thế hệ trước, cụ thể tai thỏ này được làm nhỏ hơn so với 20%, trong khi đó độ dày của máy vẫn được giữ nguyên. Điểm khác biệt nhất về thiết kế trên thế hệ iPhone 2021 này đó là camera chéo.</p>
<p>Màu sắc trên mẫu iPhone mới này cũng đa dạng hơn, trong đó nổi bật là iPhone 13 màu hồng. Các màu sắc còn lại đề đã từng được xuất hiện trên các phiên bản trước đó như trắng, đen, đỏ, xanh blue.</p>
<figure class="wp-block-image"><img decoding="async" src="https://cdn2.cellphones.com.vn/insecure/rs:fill:0:0/q:90/plain/https://cellphones.com.vn/media/wysiwyg/mobile/apple/iphone-13-13.png" alt="Nhiều màu sắc lựa chọn" /></figure>
<h3 class="wp-block-heading"><strong>Màn hình màn hình Super Retina XDR độ sáng cao</strong></h3>
<p>Điện thoại iPhone 13 sẽ được sử dụng tấm nền OLED chất lượng cao và có kích thước 6.1 inch, lớn hơn <strong><a href="https://cellphones.com.vn/iphone-13-mini.html" target="_blank" rel="noreferrer noopener">iPhone 13 mini</a></strong> (5.4 inch). Với tấm nền này với công nghệ ProMotion giúp iPhone 13 tiết kiệm pin đến tối đa khi sử dụng. Người dùng cũng có thể dễ dàng điều chỉnh tốc độ làm tươi tùy theo ý thích.</p>
<figure class="wp-block-image"><img decoding="async" src="https://cdn2.cellphones.com.vn/insecure/rs:fill:0:0/q:90/plain/https://cellphones.com.vn/media/wysiwyg/mobile/apple/IPHONE-13-2.jpg" alt="Màn hình tần số quét 120Hz, sự xuất hiện lại của TouchID" /></figure>
<p>Về khả năng hiển thị, mang đến chất lượng hiển thị vượt trội với màn hình OLED độ phân giải cao, độ sáng lớn. Nhờ đó người dùng có thể nhìn rõ trong nhiều điều kiện sáng khác nhau, kể cả ngoài trời.</p>
<p>Cụ thể, màn hình Super Retina XDR với độ sáng cao lên đên 800 nits, và tối đa có thể lên tới 1200 nits cùng dải màu rộng P3, tỉ lệ tương phản lớn. Phía bên ngoài màn hình được phủ lớp oleophobic giúp chống bám vân tay. Nhờ đó hạn chế được các tình trạng bám bụi bẩn và mồ hôi trong quá trình sử dụng.</p>
<h3 class="wp-block-heading"><strong>Camera kép 12MP, hỗ trợ ổn định hình ảnh quang học</strong></h3>
<p>iPhone 13 có một sự thay đổi lớn về camera so với trên iPhone 12 Series. Cụ thể, iPhone có thể được trang bị ống kính siêu rộng mới giúp máy hiển thị được nhiều chi tiết hơn ở các bức hình thiếu sáng. Trong khi đó ống kính góc rộng có thể thu được nhiều sáng hơn, lên đến 47% giúp chất lượng bức ảnh, video được cải thiện hơn.</p>
<p>Cụm camera được trang bị tính năng ổn định hình ảnh quang học cùng cảm biến mới, nhờ đó bức hình chụp mang lại khả năng ổn định.</p>
<figure class="wp-block-image"><img decoding="async" src="https://cdn2.cellphones.com.vn/insecure/rs:fill:0:0/q:90/plain/https://cellphones.com.vn/media/wysiwyg/mobile/apple/IPHONE-13-4.jpg" alt="Camera tiềm vọng, hỗ trợ zoom 10x" /></figure>
<p>Số ống kính trên iPhone 13 vẫn được giữ nguyên so với iPhone 12, chỉ khác về vị trí từng ống kinh. Cả hai ống kính vẫn sở hữu độ phân giải 12MP. Trong đó camera góc rộng được trang bị khẩu độ ƒ / 1.6 trong khi góc siêu rộng là ƒ / 2.4 cùng góc quay 120 độ.</p>
<p>Với iP13, người dùng có thể quay phim chuyên nghiệp với chế độ điện ảnh. Cụm camera này cũng hỗ trợ người dùng chụp cùng lúc nhiều bức ảnh khác nhau mà không cần nhấc ngón tay. Đặc biệt với chế độ chân dung hỗ trợ làm mờ hậu cảnh chuyên nghiệp giúp toàn bức ảnh tập trung vào chủ thể mà người dùng hướng tới.</p>
<p>Ở chế độ chụp Smart HDR 4, máy có thể nhận diện được tối đa bốn người khác nhau trong một khung hình. Sau đó sẽ tiến hành tối ưu hóa ánh sáng, độ tương phản và tone mày cho từng người, mang lại một bức ảnh chất lượng tốt nhất. Nếu sử dụng bên đêm để chụp các bức ảnh thiếu sáng, lúc này chế độ Deep Fusion kích hoạt và phân tích chế độ phơi sáng ở từng pixel.</p>
<figure class="wp-block-image"><img decoding="async" src="https://cdn2.cellphones.com.vn/insecure/rs:fill:0:0/q:90/plain/https://cellphones.com.vn/media/wysiwyg/mobile/apple/IPHONE-13-5.jpg" alt="Chế độ điện ảnh chuyên nghiệp" /></figure>
<p>Nhờ đó, ảnh chụp trên điện thoại hứa hẹn mang đến chất lượng như được chụp từ một máy ảnh chuyên nghiệp. Hình ảnh cho ra với chi tiết rõ, dải nhạy sáng cao, màu sắc chân thực. Khả năng chụp đêm trên 13 cũng được cải thiện với khả năng phơi sáng tốt hơn mang đến nhiêu chi tiết hơn.</p>
<p>Về camera trước, điện thoại vẫn được trang bị camera đơn nằm trong notch tai thỏ với độ phân giải 12MP cùng khẩu độ ƒ / 2.2. Camera selfie này cũng được trang bị nhiều công nghệ chụp ảnh chuyên nghiệp như hiệu ứng bokeh, chế độ điện ảnh, Animoji và Memoji,… mang lại những bức hình selfie chất lượng.</p>
<figure class="wp-block-image"><img decoding="async" src="https://cdn2.cellphones.com.vn/insecure/rs:fill:0:0/q:90/plain/https://cellphones.com.vn/media/wysiwyg/mobile/apple/IPHONE-13-6.jpg" alt="Camera trước 12MP" /></figure>
<h3 class="wp-block-heading"><strong>Khả năng quay video được cải thiện</strong></h3>
<p>Về khả năng quay video, iPhone 13 có thể hỗ trợ quay video 4K ở tốc độ ở ba tốc độ khung hình khác nhau. Máy cũng hỗ trợ tính năng ổn định hình ảnh quang học cùng khả năng zoom 3x. Nhờ đó, hứa hẹn mang để khả năng quay phim chuyên nghiệp.</p>
<figure class="wp-block-image"><img decoding="async" src="https://cdn2.cellphones.com.vn/insecure/rs:fill:0:0/q:90/plain/https://cellphones.com.vn/media/wysiwyg/mobile/apple/IPHONE-13-7.jpg" alt="Khả năng quay video được cải thiện" /></figure>
<p>iPhone 13 cũng hỗ trợ nhiều công cụ tùy chỉnh nâng cao với công nghệ Dolby Vision cùng khả năng quay Video HDR với độ phân giải 4K. Đặc biệt, người dùng có thể làm mọi việc trên chiếc điện thoại này từ quay phim, chỉnh sửa đến render video một cách mượt mà.</p>
<h3 class="wp-block-heading"><strong>Tốc độ 5G tốt hơn với nhiều băng tần</strong></h3>
<p>Thế hệ iPhone mới được cải thiện chất lượng 5G với nhiều băng tần hơn. Nhờ đó việc xem trực tuyến hay tải xuống dữ liệu diễn ra nhanh hơn. Đặc biệt với chế độ dữ liệu thông minh, thiết bị sẽ tự động phát hiện và giảm tải tốc độ khi không cần thiết kể tiết kiệm năng lượng.</p>
<figure class="wp-block-image"><img decoding="async" src="https://cdn2.cellphones.com.vn/insecure/rs:fill:0:0/q:90/plain/https://cellphones.com.vn/media/wysiwyg/mobile/apple/IPHONE-13-10.jpg" alt="Chip set gia tăng tốc độ 5G" /></figure>
<h3 class="wp-block-heading"><strong>Hiệu năng vượt trội với chip Apple A15</strong></h3>
<p>iPhone 13 Series sẽ được trang bị con chip Apple A15 Bionic, chip set được sản xuất trên quy trình 5nm. Theo nhà sản xuất, con chip Apple A15 Bionic cho CPU nhanh hơn 50% và GPU nhanh hơn 30% so với đối thủ.</p>
<figure class="wp-block-image"><img decoding="async" src="https://cdn2.cellphones.com.vn/insecure/rs:fill:0:0/q:90/plain/https://cellphones.com.vn/media/wysiwyg/mobile/apple/IPHONE-13-9.jpg" alt="Hiệu năng vượt trội với chip Apple A15" /></figure>
<p>Hiệu năng trên iPhone là một điều khỏi phải bàn cãi. Vẫn mang trọng mình một sức mạnh vượt trội nhờ con chip Apple A15 được tối ưu, hệ điều hành iOS tùy biến. iPhone 13 cũng có thể chiến tốt mọi tựa game mới nhất mới max cấu hình đồ họa, mang đến những trải nghiệm chơi game mượt mà.</p>
<h3 class="wp-block-heading"><strong>Công nghệ pin mới nâng cao thời gian sử dụng</strong></h3>
<p>Với bộ vi xử lý mới được tối ưu, điện thoại iPhone 13 mang lại viên pin với thời gian sử dụng lâu dài hơn. Cũng như mọi năm, Apple không tiết lộ chính xác dung lượng pin cụ thể trên thiết bị của mình. Tuy hiên, theo hãng công bố thì thời lượng sử dụng pin trên iPhone 13 sẽ được gia tăng đáng kể lên khoảng 2,5 tiếng so với thế hệ trước đó.</p>
<figure class="wp-block-image"><img decoding="async" src="https://cdn2.cellphones.com.vn/insecure/rs:fill:0:0/q:90/plain/https://cellphones.com.vn/media/wysiwyg/mobile/apple/IPHONE13-4.jpg" alt="Công nghệ pin mới nâng cao thời gian sử dụng" /></figure>
<h3 class="wp-block-heading"><strong>Dung lượng bộ nhớ được mở rộng</strong></h3>
<p>iPhone 12 sở hữu bộ nhớ tiêu chuẩn 64GB và cao cấp nhất là 512GB. Nhưng sang iPhone 13 lại khác, iPhone 13 phiên bản cao cấp có thể sẽ loại bỏ phiên bản 64GB thay vào đó bản dung lượng bộ nhớ tiêu chuẩn là 128GB cùng tùy chọn dung lượng lớn nhất lên đến 512B.</p>
<figure class="wp-block-image"><img decoding="async" src="https://cdn2.cellphones.com.vn/insecure/rs:fill:0:0/q:90/plain/https://cellphones.com.vn/media/wysiwyg/mobile/apple/IPHONE-13-11.jpg" alt="Dung lượng bộ nhớ được mở rộng" /></figure>
<p>Về dung lượng RAM, chưa có thông tin chi tiết. Tuy nhiên, dự đoạn sẽ được trang bị bộ nhớ RAM từ 4-6GB. Với dung lượng này, người dùng có thể thoải mái đa nhiệm trong sử dụng hàng ngày.</p>
<h3 class="wp-block-heading"><strong>Cách tính năng khác: thẻ sim, wifi, siri</strong></h3>
<p>Ngoài những điểm trên, iPhone 13 cũng vẫn được trang bị 2 sim (1 sim vật lý và 1 esim), tiếp tục hỗ trợ 5G như trên iPhone 12. Các kết nối không dây khác như wifi, bluetooth cũng được trang bị những công nghệ mới. Hey Siri cũng là một tính năng yêu thích của người dùng iPhone.</p>
<figure class="wp-block-image"><img decoding="async" src="https://cdn2.cellphones.com.vn/insecure/rs:fill:0:0/q:90/plain/https://cellphones.com.vn/media/wysiwyg/mobile/apple/IPHONE-13-12.jpg" alt="Cách tính năng khác: thẻ sim, wifi, siri" /></figure>
<p>Máy vẫn được trang bị công nghệ mở khóa và bảo mật Face ID – nhận đạng khuôn mặt với tốc độ nhanh hơn. Bên cạnh đó là chuẩn kháng nước và bụi bẩn IP68 theo chuẩn IEC 60529.</p>
<h2 class="wp-block-heading"><strong>Điện thoại iPhone 13 ra mắt khi nào?</strong></h2>
<p>Điện thoại iPhone 13 đã được chính thức giới thiệu đến người tiêu dùng tại sự kiện “California Streaming” cùng một loạt các sản phẩm Apple khác như iPad mini 6, Apple Watch Series 7 vào ngày 14/9 vừa qua.</p>
<h2 class="wp-block-heading">Điện thoại <strong>iPhone 13 (128GB| 256GB| 512GB) giá bao nhiêu tiền?</strong></h2>
<p>Điện thoại iPhone 13 dự kiến lên kệ tại thị trường Việt Nam với mức giá khoảng gần 25 triệu đồng ở phiên bản tiêu chuẩn và hơn 30 triệu đồng – gần 31 triệu cho phiên bản cấu hình cao cấp nhất. Mức giá này không có sự chênh lệnh quá lớn so với iPhone 12 trước đó. Máy sẽ sớm được lên kệ các thệ thống bán lẻ trong thời gian sắp tới.</p>
<p>Vậy iPhone 13 128GB giá bao nhiêu, có gì khác với những phiên bản dung lượng bộ nhớ khác.</p>
<figure class="wp-block-table">
<table>
<tbody>
<tr>
<td></td>
<td><strong>Giá bán</strong></td>
</tr>
<tr>
<td><strong>iPhone 13 128GB Đen</strong></td>
<td>Giá chỉ từ 19.390.000 đồng</td>
</tr>
<tr>
<td><strong>iPhone 13 128GB Đỏ</strong></td>
<td>Giá chỉ từ 18.790.000 đồng</td>
</tr>
<tr>
<td><strong>iPhone 13 128GB Trắng</strong></td>
<td>Giá chỉ từ 19.290.000 đồng</td>
</tr>
<tr>
<td><strong>iPhone 13 128GB Hồng</strong></td>
<td>Giá chỉ từ 19.490.000 đồng</td>
</tr>
<tr>
<td><strong>iPhone 13 128GB Xanh Lá</strong></td>
<td>Giá chỉ từ 19.290.000 đồng</td>
</tr>
<tr>
<td><strong>iPhone 13 128GB Xanh Dương</strong></td>
<td>Giá chỉ từ 18.990.000 đồng</td>
</tr>
</tbody>
</table>
</figure>
<h2 class="wp-block-heading"><strong>Mua iPhone 13 chính hãng VN/A giá rẻ tại CellphoneS</strong></h2>
<p>Nếu quan tâm đến <strong>iPhone 13</strong> hãy thường xuyên truy cập CellphoneS để cập nhật những thông tin mới cũng như giá bán chính xác một cách nhanh chóng. Nhanh tay đặt ngay để là một trong những người sở hữu siêu phẩm iPhone 13 mới nhất tại Việt Nam. Nếu bạn đang quan tâm điện thoại iPhone chính hãng, hãy đến với CellphoneS – hệ thống ủy quyền chính hãng Apple để mua cho mình điện thoại iPhone chính hãng với giá ưu đãi.</p>
<p>Sắp tới đây trong năm 2022, Apple sẽ tung ra thị trường phiên bản kế nhiệm <a href="https://cellphones.com.vn/mobile/apple/iphone-14.html" target="_blank" rel="noreferrer noopener"><strong>iPhone 14</strong></a> hứa hẹn sẽ có nhiều nâng cấp về hiệu năng, camera và thời lượng pin. Chúng ta hãy cùng chờ xem nhé!</p>
]]></content:encoded>
					
					<wfw:commentRss>/san-pham/iphone-13/feed/</wfw:commentRss>
			<slash:comments>0</slash:comments>
		
		
			</item>
	</channel>
</rss>
