<?xml version="1.0" encoding="UTF-8"?><rss version="2.0"
	xmlns:content="http://purl.org/rss/1.0/modules/content/"
	xmlns:wfw="http://wellformedweb.org/CommentAPI/"
	xmlns:dc="http://purl.org/dc/elements/1.1/"
	xmlns:atom="http://www.w3.org/2005/Atom"
	xmlns:sy="http://purl.org/rss/1.0/modules/syndication/"
	xmlns:slash="http://purl.org/rss/1.0/modules/slash/"
	
	xmlns:georss="http://www.georss.org/georss"
	xmlns:geo="http://www.w3.org/2003/01/geo/wgs84_pos#"
	>

<channel>
	<title>SAMSUNG</title>
	<atom:link href="http://localhost/mypj/wordpress/danh-muc-san-pham/dien-thoai/samsung/feed/?simply_static_page=79245" rel="self" type="application/rss+xml" />
	<link></link>
	<description></description>
	<lastBuildDate>Mon, 25 Mar 2024 12:03:16 +0000</lastBuildDate>
	<language>vi</language>
	<sy:updatePeriod>
	hourly	</sy:updatePeriod>
	<sy:updateFrequency>
	1	</sy:updateFrequency>
	<generator>https://wordpress.org/?v=6.4.3</generator>
	<item>
		<title>SAMSUNG S23 ULTRA</title>
		<link>/san-pham/samsung-s23-ultra/</link>
					<comments>/san-pham/samsung-s23-ultra/#respond</comments>
		
		<dc:creator><![CDATA[khanhs]]></dc:creator>
		<pubDate>Mon, 25 Mar 2024 12:03:16 +0000</pubDate>
				<guid isPermaLink="false">/?post_type=product#038;p=65</guid>

					<description><![CDATA[ĐẶC ĐIỂM NỔI BẬT Mở khoá giới hạn tiềm năng với AI – Hỗ trợ phiên dịch cuộc gọi, khoanh vùng tìm kiếm, Trợ lí Note và chình sửa anh]]></description>
										<content:encoded><![CDATA[<h2 class="wp-block-heading">ĐẶC ĐIỂM NỔI BẬT</h2>
<ul>
<li>Mở khoá giới hạn tiềm năng với AI – Hỗ trợ phiên dịch cuộc gọi, khoanh vùng tìm kiếm, Trợ lí Note và chình sửa anh</li>
<li>Tuyệt tác thiết kế bền bỉ và hoàn hảo – Vỏ ngoài bằng titan mới cùng màu sắc lấy cảm hứng từ chất liệu đá tự nhiên</li>
<li>Tích hợp S-Pen cực nhạy – Thoải mát viết, chạm thật chính xác trên màn hình cùng nhiều tính năng tiện ích</li>
<li>Nắm trong tay trọn bộ chi tiết chân thực nhất – Camera 200MP hỗ trợ khả năng xử lý AI cải thiện độ nét và tông màu</li>
</ul>
<blockquote class="wp-block-quote"><p><strong><a href="https://cellphones.com.vn/samsung-galaxy-s24-ultra.html" target="_blank" rel="noreferrer noopener">Samsung S24 Ultra</a></strong> là siêu phẩm <strong>smartphone</strong> đỉnh cao mở đầu năm 2024 đến từ nhà Samsung với chip <strong>Snapdragon 8 Gen 3 For Galaxy</strong> mạnh mẽ, công nghệ tương lai <strong>Galaxy AI</strong> cùng <strong>khung viền Titan</strong> đẳng cấp hứa hẹn sẽ mang tới nhiều sự thay đổi lớn về mặt thiết kế và cấu hình. <strong>SS Galaxy S24 bản Ultra</strong> sở hữu màn hình <strong>6.8 inch</strong> <strong>Dynamic AMOLED 2X</strong> tần số quét <strong>120Hz</strong>. Máy cũng sở hữu <strong>camera chính 200MP</strong>, camera zoom quang học 50MP, camera tele 10MP và camera góc siêu rộng 12MP.</p></blockquote>
<h2 class="wp-block-heading"><strong>Vì sao nên mua Samsung Galaxy S24 Ultra?</strong></h2>
<p>Đầu năm 2024, Samsung cho ra mắt <strong>Samsung S24 Ultra</strong> – Flagship dẫn đầu xu hướng với <strong>công nghệ AI</strong> tích hợp cùng nhiều tính năng và ưu điểm vượt trội khác. Các tính năng AI nổi bật trên điện thoại <strong>Samsung mới nhất</strong> bao gồm:</p>
<p>– <strong>Galaxy AI với các tính năng Khoanh tròn để tìm kiếm, Photo Assist, Live Translate, Note Assist</strong>.</p>
<p>– <strong>Khung viền bằng titan cứng cáp</strong>, giúp thiết bị bền bỉ theo thời gian.</p>
<p>– <strong>Các phiên bản màu lấy cảm hứng từ chất liệu đá tự nhiên</strong>, mang đến vẻ đẹp sang trọng và hiện đại.</p>
<p>– <strong>Camera tích hợp công nghệ AI tuyệt đỉnh</strong>, nâng tầm chất lượng và khả năng xử lý hình ảnh.</p>
<p>– <strong>Hiệu năng cực đỉnh với chip Snapdragon 8 Gen3 for Galaxy</strong>, chiến game mượt mà.</p>
<p>–<strong> Pin khoẻ 5000mAh,</strong> kéo dài thời gian sử dụng cả ngày dài, để không bỏ lỡ khoảnh khắc quan trọng.</p>
<p>– <strong>Màn hình Dynamic AMOLED 2X với độ sáng lên đến 2600 nit,</strong> chìm đắm trong thế giới hình ảnh rực rỡ đầy màu sắc.</p>
<figure class="wp-block-image"><img decoding="async" title="Samsung Galaxy S24 Ultra là smartphone AI đáng sở hữu đầu năm 2024" src="https://cdn2.cellphones.com.vn/insecure/rs:fill:0:0/q:90/plain/https://cellphones.com.vn/media/wysiwyg/Phone/Samsung/samsung_s/Samsung-S24/samsung-galaxy-s24-ultra-11.jpg" alt="Samsung Galaxy S24 Ultra là smartphone AI đáng sở hữu đầu năm 2024" /></figure>
<p><em>Samsung Galaxy S24 Ultra là smartphone AI đáng sở hữu đầu năm 2024</em></p>
<p>Có thể thấy, sở hữu sớm Samsung S24 Ultra đồng nghĩa với việc bạn là một trong những người đầu tiên khám phá, trải nghiệm công nghệ hoàn toàn mới được tích hợp ngay trên chiếc điện thoại thông minh. Ngoài thiết kế sang trọng, có nhiều điểm cải tiến mới, thì thiết bị này còn hỗ trợ nâng cao trải nghiệm trong giải trí, học tập, làm việc thông qua AI – tính năng mà trước nay có thể các sản phẩm khác chưa làm được.</p>
<h2 class="wp-block-heading"><strong>Mua Samsung S24 Ultra ưu đãi đặc quyền tại CellphoneS</strong></h2>
<p>Nhằm giúp khách hàng có cơ hội <strong>sở hữu ngay Phone AI đầu tiên đến từ Samsung</strong>, CellphoneS đã CHÍNH THỨC MỞ BÁN<strong> siêu phẩm Samsung S24 Ultra</strong> từ ngày 27/1. Đặc biệt, khi mua điện thoại Samsung Galaxy S24 Ultra tại CellphoneS, quý khách hàng sẽ nhận về <strong>bộ quà hấp dẫn</strong> gồm:</p>
<figure class="wp-block-table">
<table>
<tbody>
<tr>
<td><strong>Ưu đãi</strong></td>
<td><strong>Trị giá</strong></td>
</tr>
<tr>
<td>Giảm thẳng</td>
<td>5.000.000đ</td>
</tr>
<tr>
<td>Trợ giá thu cũ lên đời</td>
<td>3.000.000đ</td>
</tr>
<tr>
<td>Ốp lưng chính hãng</td>
<td>500.000đ</td>
</tr>
<tr>
<td>Samsung Care+</td>
<td>2.000.000đ</td>
</tr>
</tbody>
</table>
</figure>
<p>Bên cạnh đó, quý khách hàng sẽ được hỗ trợ <strong>trả góp 0% lãi suất</strong> với thời gian trả góp lên đến 24 tháng.</p>
<figure class="wp-block-image"><img decoding="async" title="Mua Samsung S24 Ultra tại CellphoneS ưu đãi 10,5 triệu, trả góp 0%" src="https://cdn2.cellphones.com.vn/insecure/rs:fill:0:0/q:90/plain/https://cellphones.com.vn/media/wysiwyg/Phone/Samsung/samsung_s/Samsung-S24/samsung-galaxy-s24-ultra-37.jpg" alt="Mua Samsung S24 Ultra tại CellphoneS ưu đãi 10,5 triệu, trả góp 0%" /></figure>
<p><em>Mua Samsung S24 Ultra tại CellphoneS ưu đãi hấp dẫn, trả góp 0%</em></p>
<h2 class="wp-block-heading"><strong>So sánh Samsung Galaxy S24 Ultra vs S23 Ultra</strong></h2>
<p>Samsung Galaxy S24 Ultra mang nhiều tính năng và cải tiến vượt trội hơn so với thế hệ trước – S23 Ultra. Cụ thể hơn bạn có thể tham khảo chi tiết qua bảng dưới đây.</p>
<p><strong>Bảng so sánh chi tiết thông số SS S24 Ultra và S23 Ultra:</strong></p>
<figure class="wp-block-table">
<table>
<tbody>
<tr>
<td>Thông số</td>
<td>Samsung Galaxy S24 Ultra</td>
<td>Samsung Galaxy S23 Ultra</td>
</tr>
<tr>
<td>Màu sắc</td>
<td><strong>Xám Titan, Tím Titan, Đen Titan, Vàng Titan</strong></td>
<td>Xanh Botanic, Đen Phantom, Tím Lilac, Kem Cotton</td>
</tr>
<tr>
<td>Kích thước màn hình</td>
<td>6.8 inch</td>
<td>6.8 inch</td>
</tr>
<tr>
<td>Khung viền</td>
<td><strong>Titanium</strong></td>
<td>Armor Aluminum</td>
</tr>
<tr>
<td>Công nghệ màn hình</td>
<td>Dynamic AMOLED 2X</td>
<td>Dynamic AMOLED 2X</td>
</tr>
<tr>
<td>Độ phân giải</td>
<td><strong>3120 x 1440</strong> (QHD+)</td>
<td>3088 x 1440 (QHD+)</td>
</tr>
<tr>
<td>Kính cường lực</td>
<td><strong>Corning® Gorilla® Armor</strong></td>
<td>Corning® Gorilla® Glass Victus® 2</td>
</tr>
<tr>
<td>Tần số màn hình</td>
<td>1~120Hz</td>
<td>1~120Hz</td>
</tr>
<tr>
<td>Độ sáng cao nhất</td>
<td><strong>2600 nits</strong></td>
<td>1750 nits</td>
</tr>
<tr>
<td>Camera sau</td>
<td>200MP + <strong>50MP</strong> + 12MP + 10MP</td>
<td>200MP + 10MP + 12MP + 10MP</td>
</tr>
<tr>
<td>Camera trước</td>
<td>12MP</td>
<td>12MP</td>
</tr>
<tr>
<td>Bộ vi xử lý (CPU)</td>
<td><strong>Snapdragon 8 Gen 3 for Galaxy</strong></td>
<td>Snapdragon 8 Gen 2 for Galaxy</td>
</tr>
<tr>
<td>RAM</td>
<td><strong>12GB</strong></td>
<td>8GB/12GB</td>
</tr>
<tr>
<td>Bộ nhớ trong</td>
<td>256GB/512GB/1TB</td>
<td>256GB/512GB/1TB</td>
</tr>
<tr>
<td>Pin</td>
<td>5000mAh</td>
<td>5000mAh</td>
</tr>
<tr>
<td>Sim</td>
<td>SIM kép (hỗ trợ eSIM)</td>
<td>SIM kép (hỗ trợ eSIM)</td>
</tr>
<tr>
<td>Công nghệ NFC</td>
<td>Có</td>
<td>Có</td>
</tr>
<tr>
<td>Hỗ trợ mạng</td>
<td>5G</td>
<td>5G</td>
</tr>
<tr>
<td>Bluetooth</td>
<td>Bluetooth 5.3</td>
<td>Bluetooth 5.3</td>
</tr>
<tr>
<td>GPS</td>
<td>Có</td>
<td>Có</td>
</tr>
<tr>
<td>Chỉ số kháng nước, bụi</td>
<td>IP68</td>
<td>IP68</td>
</tr>
<tr>
<td>Đi kèm bút S-Pen</td>
<td>Có</td>
<td>Có</td>
</tr>
<tr>
<td>Kích thước</td>
<td><strong>162.3 x 79.0 x 8.6 mm</strong></td>
<td>163.4 x 78.1 x 8.9 mm</td>
</tr>
</tbody>
</table>
</figure>
<p>Sau khi so sánh 2 chiếc điện thoại trên, chắc hẳn bạn đã nắm được những thay đổi về thông số của Samsung Galaxy S24 Ultra. Ngay sau đây, hãy cùng CellphoneS tìm hiểu vì sao thiết bị này được gọi là <strong>AI Smartphone đầu tiên</strong> nhé!</p>
<h2 class="wp-block-heading"><strong>Samsung Galaxy S24 Ultra – AI Phone với nhiều công nghệ vượt bậc </strong></h2>
<p><strong>Samsung Galaxy S24 Ultra</strong> gây háo hức với người dùng nhờ những thay đổi lớn trong cả thiết kế lẫn hiệu năng. Những nâng cấp trên phiên bản cao cấp nhất của dòng Galaxy S24 Series là gì? Cùng CellphoneS tìm hiểu chi tiết hơn về mẫu flagship mới của Samsung trong bài đánh giá dưới đây:</p>
<ul>
<li>Là smartphone AI đầu tiên của Samsung với nhiều tính năng mới lạ</li>
<li>Camera thông số khủng 200MP và công nghệ vượt trội</li>
<li>Pin lớn 5000mAh sử dụng liên tục hơn 30 giờ</li>
<li>Bút S-Pen hữu ích, thao tác dễ dàng</li>
<li>Màn hình 6.8 inch tần số quét 120Hz</li>
<li>Thiết kế có sự thay đổi lớn với khung viền Titanium</li>
<li>Chipset Snapdragon 8 Gen 3 for Galaxy mạnh mẽ hàng đầu</li>
<li>Chia sẻ nhanh chóng với Quick Share</li>
</ul>
<figure class="wp-block-image"><img decoding="async" title="Những lý do nên mua Samsung Galaxy S24 Ultra ở thời điểm hiện tại" src="https://cdn2.cellphones.com.vn/insecure/rs:fill:0:0/q:90/plain/https://cellphones.com.vn/media/wysiwyg/Phone/Samsung/samsung_s/Samsung-S24/nhung-ly-do-nen-mua-samsung-galaxy-s24-ultra.jpg" alt="Những lý do nên mua Samsung Galaxy S24 Ultra ở thời điểm hiện tại" /></figure>
<p><em>Những lý do nên mua Samsung Galaxy S24 Ultra ở thời điểm hiện tại</em></p>
<p>Cụ thể như sau:</p>
<h3 class="wp-block-heading"><strong>AI phone đầu tiên của Samsung, mang đến trải nghiệm mới lạ và tiện nghi</strong></h3>
<p>Điện thoại Samsung S24. S24 Plus và Ultra sẽ là<strong> AI Phone đầu tiên</strong> của hãng được tích hợp nhiều công nghệ trí tuệ nhân tạo tiên tiến. Điều này được mong chờ bởi mới đây, Samsung đã cho ra mắt mô hình trí tuệ nhân tạo với tên gọi <strong>Samsung Gauss AI</strong>. Mô hình AI này trang bị nhiều tính năng, có thể kể đến như:</p>
<p>– <strong>Khoanh tròn vùng bất kỳ để tìm kiếm thông tin:</strong> Sử dụng bút S-Pen hoặc dùng tay khoanh tròn khu vực cần tìm kiếm khi lướt mạng xã hội</p>
<p>– <strong>Phiên dịch cuộc gọi trực tiếp:</strong> Nhận được thông tin dịch thuật theo thời gian thực trong quá trình nói chuyện điện thoại</p>
<p>– <strong>Trợ lý chỉnh ảnh chuyên nghiệp</strong>: Sử dụng các tuỳ chọn chỉnh sửa AI mới để bức ảnh hoàn hảo hơn như lấp đầy chỗ trống, di chuyển đối tượng,…</p>
<p>– <strong>Trợ lý quyền năng Note Assist:</strong> Giúp tóm tắt được ý chính  trong tích tắc với đoạn văn bản bạn note vào</p>
<figure class="wp-block-image"><img decoding="async" title="Samsung Gauss AI nâng tầm trải nghiệm trên SS Galaxy S24 Ultra" src="https://cdn2.cellphones.com.vn/insecure/rs:fill:0:0/q:90/plain/https://cellphones.com.vn/media/wysiwyg/Phone/Samsung/samsung_s/Samsung-S24/Samsung-Galaxy-S24-Ultra-4_1.jpg" alt="Samsung Gauss AI nâng tầm trải nghiệm trên SS Galaxy S24 Ultra" /></figure>
<p><em>Samsung Gauss AI nâng tầm trải nghiệm trên SS Galaxy S24 Ultra</em></p>
<h3 class="wp-block-heading"><strong>Camera cao cấp 200MP với nhiều tính năng vượt trội</strong></h3>
<p>Một nâng cấp mới và chắc chắn là ấn tượng nhất của <strong>Samsung Galaxy S24 Ultra</strong> chính là <strong>hệ thống camera</strong>. Samsung trang bị cho mẫu flagship cao cấp của mình hệ thống camera với độ phân giải lần lượt là <strong>200MP + 50MP +12MP +10MP</strong>.</p>
<figure class="wp-block-image"><img decoding="async" title="S24 bản Ultra có hệ thống camera độ phân giải 200MP + 50MP +12MP +10MP" src="https://cdn2.cellphones.com.vn/insecure/rs:fill:0:0/q:90/plain/https://cellphones.com.vn/media/wysiwyg/Phone/Samsung/samsung_s/Samsung-S24/Samsung-Galaxy-S24-Ultra-6_1.jpg" alt="S24 bản Ultra có hệ thống camera độ phân giải 200MP + 50MP +12MP +10MP" /></figure>
<p><em>S24 Ultra sẽ sử dụng cảm biến cao cấp với độ phân giải lên đến 200MP</em></p>
<p>Camera chính của S24 Ultra sẽ sử dụng cảm biến cao cấp thế hệ mới, với độ phân giải lên đến <strong>200MP</strong>. Ngoài camera chính, camera tele của điện thoại cũng sẽ được trang bị cảm biến mới để có thể phóng quang học 3x và 5x nhưng không làm giảm chất lượng hình ảnh thu được. Đồng thời camera tele còn có khả năng thu phóng kỹ thuật số lên đến <strong>100x</strong>.</p>
<p>Không chỉ vậy, <strong>công nghệ ProVisual</strong> còn có thể phân tích đối tượng và cải thiện chất lượng hình ảnh một cách tự động, bao gồm việc điều chỉnh tông màu, giảm nhiễu và làm sắc nét.</p>
<h3 class="wp-block-heading"><strong>Dung lượng pin lớn 5000mAh, sử dụng lên đến ngày dài</strong></h3>
<p>Với viên pin dung lượng lớn <strong>5.000 mAh</strong> và khả năng tối ưu hiệu năng vượt trội, <strong>SS Galaxy S24 Ultra</strong> mang đến thời lượng sử dụng ấn tượng. Thời gian xem video lên đến <strong>30 giờ</strong> và nghe nhạc lên đến <strong>90 giờ</strong> (tuỳ theo tình hình thực tế mà thời gian sử dụng có thể thay đổi). Nhờ vậy, bạn có thể thoải mái giải trí cả ngày dài mà không lo hết pin.</p>
<figure class="wp-block-image"><img decoding="async" title="S24 Ultra pin 5000mAh xem video lên đến 30 giờ và nghe nhạc lên đến 90 giờ" src="https://cdn2.cellphones.com.vn/insecure/rs:fill:0:0/q:90/plain/https://cellphones.com.vn/media/wysiwyg/Phone/Samsung/samsung_s/Samsung-S24/Samsung-Galaxy-S24-Ultra-1_1.jpg" alt="S24 Ultra pin 5000mAh xem video lên đến 30 giờ và nghe nhạc lên đến 90 giờ" /></figure>
<h3 class="wp-block-heading"><strong>Tích hợp bút S-Pen, thực hiện nhiều tác vụ thoải mái</strong></h3>
<p><strong>Bút S-Pen</strong> là một công cụ đa năng có thể được sử dụng để viết, vẽ, chỉnh sửa, và nhiều tác vụ khác. Việc tích hợp bút S-Pen giúp <strong>điện thoại S24 mới</strong> có khả năng tương thích cao với các ứng dụng và tính năng của bút.</p>
<p>Cụ thể, bút S-Pen có thể được sử dụng với các ứng dụng <strong>ghi chú, vẽ, và chỉnh sửa ảnh</strong>. Bút cũng có thể được sử dụng để điều khiển điện thoại từ xa, chẳng hạn như chụp ảnh, tua video, và điều hướng. Ngoài ra, bút S-Pen còn có thể được sử dụng để thực hiện các thao tác phức tạp hơn, chẳng hạn như chỉnh sửa văn bản, vẽ bản đồ, và tạo các bản trình bày.</p>
<figure class="wp-block-image"><img decoding="async" title="Bút S-Pen trên S24 Ultra có thể được sử dụng với các ứng dụng ghi chú, vẽ, và chỉnh sửa ảnh" src="https://cdn2.cellphones.com.vn/insecure/rs:fill:0:0/q:90/plain/https://cellphones.com.vn/media/wysiwyg/Phone/Samsung/samsung_s/Samsung-S24/Samsung-Galaxy-S24-Ultra-7.jpg" alt="Bút S-Pen trên S24 Ultra có thể được sử dụng với các ứng dụng ghi chú, vẽ, và chỉnh sửa ảnh" /></figure>
<p><em>Samsung S24 Ultra </em><em>tích hợp </em><em>với bút S-Pen </em></p>
<p><strong>Màn hình 6.8 inch lớn, tích hợp nhiều công nghệ tân tiến</strong></p>
<p><strong>Samsung Galaxy S24 Ultra</strong> là mẫu flagship có màn hình kích thước lớn <strong>6.8 inch, </strong>lớn hơn so với thế hệ tiền nhiệm S23 Ultra. Với kích thước này, thiết bị sẽ hoàn toàn có thể thay thế cho các mẫu tablet mini hiện có trên thị trường.</p>
<p>Tần số quét lên đến 120Hz giúp hạn chế tình trạng giật lag trong quá trình trải nghiệm. Với tấm nền <strong>QHD+ Dynamic AMOLED 2X</strong>, độ phân giải <strong>3120×1440 pixel</strong> và độ sáng đạt kỷ lục đến <strong>2.600 nits</strong> mà người dùng dễ dàng sử dụng ngoài trời, ngay khi có nắng gắt.</p>
<figure class="wp-block-image"><img decoding="async" title="Samsung S24 Ultra tấm nền QHD+ Dynamic AMOLED 2X, tần số quét 120Hz" src="https://cdn2.cellphones.com.vn/insecure/rs:fill:0:0/q:90/plain/https://cellphones.com.vn/media/wysiwyg/Phone/Samsung/samsung_s/Samsung-S24/Samsung-Galaxy-S24-Ultra-5_1.jpg" alt="Samsung S24 Ultra tấm nền QHD+ Dynamic AMOLED 2X, tần số quét 120Hz" /></figure>
<p><em>Màn hình lớn 6.8 inch, công nghệ QHD+ xịn xò</em></p>
<p>Ngoài ra,thiết bị còn tích hợp công nghệ Corning Gorilla Armor nhằm hỗ trợ tăng độ rõ nét hình ảnh và hạn chế ánh sáng phản xạ ngay cả dưới ánh nắng trực tiếp. Thêm vào đó, hình ảnh trở nên sống động bất ngờ nhờ vào công nghệ Vision Booster tăng cường độ màu sắc và sự tương phản.</p>
<h3 class="wp-block-heading"><strong>Thiết kế có sự thay đổi lớn với khung viền Titanium</strong></h3>
<p><strong>Smartphone Galaxy S24 Ultra</strong> có sự thay đổi lớn trong thiết kế. Chi tiết hơn:</p>
<p>– Khung viền dược chế tạo bởi <strong>CHẤT LIỆU TITANIUM</strong> bền bỉ, cứng cáp</p>
<p>– Màn hình <strong>phẳng, vuông vức</strong> kích thước lớn 6.8 inch</p>
<p>– Công nghệ <strong>Corning Gorilla Armor</strong> bảo vệ màn hình vượt trội</p>
<p>– Kháng nước, kháng bụi đạt chuẩn <strong>IP68</strong>, an tâm thoả sức phiêu lưu</p>
<p>– Các phiên bản màu sắc mới: <strong>Xám Titan, Tím Titan, Đen Titan, Vàng Titan</strong></p>
<figure class="wp-block-image"><img decoding="async" title="Smartphone Galaxy S24 Ultra khác biệt với chất liệu Titanium, màu sắc mới và màn hình phẳng" src="https://cdn2.cellphones.com.vn/insecure/rs:fill:0:0/q:90/plain/https://cellphones.com.vn/media/wysiwyg/Phone/Samsung/samsung_s/Samsung-S24/samsung-galaxy-s24-ultra-60.jpg" alt="Smartphone Galaxy S24 Ultra khác biệt với chất liệu Titanium, màu sắc mới và màn hình phẳng" /></figure>
<p><em>Smartphone Galaxy S24 Ultra khác biệt với chất liệu Titanium, màu sắc mới và màn hình phẳng</em></p>
<h3 class="wp-block-heading"><strong>Hiệu năng mạnh mẽ với chipset Snapdragon 8 Gen 3 for Galaxy</strong></h3>
<p><strong>Snapdragon® 8 Gen 3 for Galaxy</strong> là con chip mạnh nhất Qualcomm tính đến hiện tại. Với tốc độ xử lý <strong>nhanh hơn 20%</strong> so với thế hệ trước, bạn có thể chơi các trò chơi đòi hỏi nhiều đồ họa cao trên Galaxy S24 Ultra. Công nghệ dò tia tiên tiến mang đến trải nghiệm đồ họa chân thực và sống động, với bóng mờ và hình ảnh phản chiếu siêu thực.</p>
<figure class="wp-block-image"><img decoding="async" title="Snapdragon 8 Gen 3 For Galaxy trên SS S24 Ultra xử lý nhanh hơn 20% so với thế hệ trước" src="https://cdn2.cellphones.com.vn/insecure/rs:fill:0:0/q:90/plain/https://cellphones.com.vn/media/wysiwyg/Phone/Samsung/samsung_s/Samsung-S24/Samsung-Galaxy-S24-Ultra-9.jpg" alt="Snapdragon 8 Gen 3 For Galaxy trên SS S24 Ultra xử lý nhanh hơn 20% so với thế hệ trước" /></figure>
<p><em>Sử dụng Snapdragon 8 Gen 3 For Galaxy mạnh mẽ bậc nhất hiện tại</em></p>
<p>Ngoài ra, GPU cải thiện đến 30%, giúp đồ hoạ và hiệu suất mạnh mẽ hơn, NPU cải thiện đến <strong>41%</strong> giúp cải thiện hoạt động với AI. Và để các tác vụ đa nhiệm diễn ra mượt mà, ổn định, Samsung còn trang bị 12GB RAM với dụng lượng lưu trữ 256GB ở phiên bản chuẩn.</p>
<p>Ngoài ra, điện thoại vẫn sẽ bao gồm thêm 2 tuỳ biến là <strong>512GB và 1TB</strong> để người dùng lựa chọn sao cho phù hợp nhất với nhu cầu sử dụng của cá nhân. Đi kèm với điện thoại vẫn là một bút S-Pen được tích hợp đầy đủ các tính năng cảm ứng theo cử chỉ.</p>
<h3 class="wp-block-heading"><strong>Chia sẻ nhanh chóng với Quick Share</strong></h3>
<p><strong>Quick Share</strong> là một tính năng chia sẻ không dây mới được giới thiệu trên các thiết bị <strong>Samsung Galaxy</strong>. Tính năng này cho phép bạn chia sẻ ảnh, video, tài liệu và hơn thế nữa với các thiết bị Galaxy khác một cách nhanh chóng và dễ dàng.</p>
<figure class="wp-block-image"><img decoding="async" src="https://cdn2.cellphones.com.vn/insecure/rs:fill:0:0/q:90/plain/https://cellphones.com.vn/media/wysiwyg/Phone/Samsung/samsung_s/Samsung-S24/samsung-galaxy-s24-ultra-41_1.jpg" alt="Chia sẻ nhanh chóng với Quick Share" /></figure>
<p>Tuy nhiên, Quick Share không chỉ giới hạn ở các thiết bị Galaxy. Bạn cũng có thể sử dụng Quick Share để chia sẻ dữ liệu từ <strong>Galaxy S24</strong> với người dùng iOS hoặc bạn bè và gia đình ở xa.</p>
<h2 class="wp-block-heading"><strong>Điện thoại Samsung Galaxy S24 Ultra giá bao nhiêu?</strong></h2>
<p><strong>Samsung S24 Ultra</strong> có mức giá khởi điểm cho bản 256GB là <strong>từ 1.299,99 USD</strong>, bản 512GB với 1.419,99 USD và bản 1TB cao cấp nhất với 1.659,99 USD tại thị trường Mỹ. Tại Việt Nam, sản phẩm bản 256GB có giá khởi điểm từ 33.990.000đ, bản 512GB với 37.490.000đ và 1TB là 44.490.000đ.</p>
<p><strong>Dưới đây là Bảng giá Samsung S24 mới nhất:</strong></p>
<figure class="wp-block-table">
<table>
<tbody>
<tr>
<td><strong>Sản phẩm</strong></td>
<td><strong>Giá khởi điểm tại Mỹ</strong></td>
<td><strong>Giá khởi điểm tại Việt Nam</strong></td>
<td><strong>Ưu đãi đặt trước tại CellphoneS</strong></td>
</tr>
<tr>
<td>Samsung Galaxy S24 Ultra 256GB</td>
<td>từ 1.299,99 USD</td>
<td>từ 33.990.000đ</td>
<td>7.500.000đ – trả góp 0%</td>
</tr>
<tr>
<td>Samsung Galaxy S24 Ultra 512GB</td>
<td>từ 1.419,99 USD</td>
<td>từ 37.490.000đ</td>
<td>7.500.000đ – trả góp 0%</td>
</tr>
<tr>
<td>Samsung Galaxy S24 Ultra 1TB</td>
<td>từ 1.659,99 USD</td>
<td>từ 44.490.000đ</td>
<td>7.500.000đ – trả góp 0%</td>
</tr>
</tbody>
</table>
</figure>
<figure class="wp-block-image"><img decoding="async" title="Giá Samsung Galaxy S24 Ultra khởi điểm từ 33.990.000đ cho phiên bản 12GB 256GB" src="https://cdn2.cellphones.com.vn/insecure/rs:fill:0:0/q:90/plain/https://cellphones.com.vn/media/wysiwyg/Phone/Samsung/samsung_s/Samsung-S24/Samsung-Galaxy-S24-Ultra-8.jpg" alt="Giá Samsung Galaxy S24 Ultra khởi điểm từ 33.990.000đ cho phiên bản 12GB 256GB" /></figure>
<p><em>Samsung S24 Ultra sẽ có mức giá khởi điểm cho bản 256GB tại Việt Nam là từ 33.990.000VND</em></p>
<p>Với kích thước, cấu hình, camera và thời lượng sử dụng vượt trội hơn hẳn so với mặt bằng chung, <strong>Samsung Galaxy Ultra thế hệ 24</strong> có thể sẽ là đối thủ đáng gờm để vươn lên vị trí dẫn đầu phân khúc smartphone cao cấp.</p>
<h2 class="wp-block-heading"><strong>Samsung Galaxy S24, S24 Ultra và S24 Plus ra mắt khi nào?</strong></h2>
<blockquote class="wp-block-quote"><p>Chính thức: điện thoại Samsung Galaxy S24 Ultra và series S24 đã được ra mắt ngày <strong>17/01/2024</strong> tại sự kiện <strong>Galaxy Unpacked 2024 ở Mỹ </strong>(tức 1:00 AM ngày 18/1/2024 theo giờ Việt Nam).</p>
<figure class="wp-block-image"><img decoding="async" title="Samsung Galaxy S24 Ultra và series S24 đã được ra mắt ngày 17/01/2024 tại sự kiện Galaxy Unpacked 2024 ở Mỹ" src="https://cdn2.cellphones.com.vn/insecure/rs:fill:0:0/q:90/plain/https://cellphones.com.vn/media/wysiwyg/Phone/Samsung/samsung_s/Samsung-S24/Samsung-Galaxy-S24-Ultra-2_1.jpg" alt="Samsung Galaxy S24 Ultra và series S24 đã được ra mắt ngày 17/01/2024 tại sự kiện Galaxy Unpacked 2024 ở Mỹ" /></figure>
</blockquote>
<p><em>Samsung S24 series sẽ được ra mắt ngày 17/01/2024 (theo giờ Mỹ) tại sự kiện Galaxy Unpacked 2024 ở  (Mỹ)</em></p>
<p>Đây là sự kiện được nhiều tín đồ công nghệ quan tâm và đánh giá cao bởi siêu phẩm mang những tính năng nổi bật, tích hợp những công nghệ dẫn đầu xu hướng.</p>
<h2 class="wp-block-heading"><strong>Sự khác biệt chính của S24 Ultra so với phiên bản trước nằm ở điểm nào?</strong></h2>
<p>Ngoài màu sắc và chất liệu, điểm khác biệt lớn nhất của Galaxy S24 Ultra so với S23 Ultra nằm ở: <strong>hiệu suất, tản nhiệt, độ sáng màn hình và camera</strong> được cải thiện đáng kể.</p>
<p>Về hiệu suất, Galaxy Ultra thế hệ 24 được trang bị bộ vi xử lý <strong>Snapdragon® 8 Gen 3 for Galaxy mới</strong>, mang đến hiệu năng NPU được cải thiện 41%, GPU 30% và CPU 20%. Điều này có nghĩa là Galaxy S24 bản Ultra có thể xử lý các tác vụ nặng một cách nhanh chóng và mượt mà, chẳng hạn như chơi game, chỉnh sửa video và chạy các ứng dụng đòi hỏi nhiều tài nguyên.</p>
<figure class="wp-block-image"><img decoding="async" title="điểm khác biệt lớn nhất của Galaxy S24 Ultra so với S23 Ultra nằm ở: hiệu suất, tản nhiệt, độ sáng màn hình và camera" src="https://cdn2.cellphones.com.vn/insecure/rs:fill:0:0/q:90/plain/https://cellphones.com.vn/media/wysiwyg/Phone/Samsung/samsung_s/Samsung-S24/samsung-galaxy-s24-ultra-38.jpg" alt="điểm khác biệt lớn nhất của Galaxy S24 Ultra so với S23 Ultra nằm ở: hiệu suất, tản nhiệt, độ sáng màn hình và camera" /></figure>
<p>Về khả năng tản nhiệt, Galaxy S24 mới 2024 được trang bị buồng hơi Vapor Chamber lớn hơn đến 92% so với Galaxy S23 Ultra. Điều này giúp cải thiện đáng kể khả năng tản nhiệt của điện thoại, giúp điện thoại không bị quá nóng khi sử dụng trong thời gian dài.</p>
<p>Về độ sáng màn hình, ở điện thoại S24 bản Ultra mới nhất có độ sáng tối đa lên đến <strong>2600 nits</strong>, cao hơn 18% so với Galaxy S23 Ultra. Điều này giúp màn hình điện thoại hiển thị rõ ràng hơn trong điều kiện ánh sáng mạnh. Ngoài ra, màn hình còn được trang bị lớp phủ <strong>Corning® Gorilla® Armor</strong>, giúp giảm thiểu độ phản chiếu ánh sáng mặt trời.</p>
<figure class="wp-block-image"><img decoding="async" title="Màn hình S24 Ultra có độ sáng tối đa lên đến 2600 nit - cao hơn 18% so với S23 Ultra" src="https://cdn2.cellphones.com.vn/insecure/rs:fill:0:0/q:90/plain/https://cellphones.com.vn/media/wysiwyg/Phone/Samsung/samsung_s/Samsung-S24/samsung-galaxy-s24-ultra-32.jpg" alt="Màn hình S24 Ultra có độ sáng tối đa lên đến 2600 nit - cao hơn 18% so với S23 Ultra" /></figure>
<p>Cuối cùng, <strong>điện thoại Samsung 24 Ultra</strong> được trang bị camera góc rộng 200MP với công nghệ ProVisual hỗ trợ AI. Đây là lần đầu tiên tính năng này được trang bị trên điện thoại thông minh Galaxy. Công nghệ ProVisual giúp tự động điều chỉnh tông màu, độ bão hòa và độ sắc nét của hình ảnh, mang đến những bức ảnh đẹp mắt và chân thực hơn.</p>
<h2 class="wp-block-heading"><strong>Công nghệ nhiếp ảnh và camera trên S24 Ultra có gì nổi bật?</strong></h2>
<p><strong>Chụp đêm sắc nét, chân thực:</strong> Với kích thước điểm ảnh lớn gấp 1,6 lần và OIS Tele rộng hơn, Galaxy S24 Ultra mang đến khả năng chụp đêm vượt trội. Bạn có thể chụp được những bức ảnh và thước phim sáng và ổn định hơn nhiều, ngay cả khi đối tượng ở rất xa.</p>
<p><strong>– Zoom linh hoạt, sắc nét đến từng chi tiết:</strong> Trang bị công nghệ zoom Quad Tele, cho phép bạn chụp cận cảnh đến 2x, 3x, 5x và thậm chí 10x.</p>
<p><strong>– AI Zoom – Phóng to thoải mái, hình ảnh vẫn rõ:</strong> Công nghệ AI Zoom mới trên SS S24 Ultra giúp bạn có thể phóng to từ 1x đến 100x mà hình ảnh vẫn rõ ràng. Nhờ AI Zoom liên tục nâng cao chất lượng từng điểm ảnh, bạn có thể dễ dàng thay đổi khung hình từ cả quang cảnh bao quát đến từng chi tiết cụ thể.</p>
<p><strong>– Super HDR:</strong> Thấy trước hình ảnh, chỉnh sửa ngay trong lúc chụp: Với phiên bản nâng cấp Super HDR mới nhất, hình ảnh xem trước sẽ được hiển thị chính xác chẳng khác nào thành quả chụp cuối cùng.</p>
<figure class="wp-block-image"><img decoding="async" title="Công nghệ chụp đêm vượt trội trên Samsung S24 Ultra kết hợp cùng sự hỗ trợ của AI" src="https://cdn2.cellphones.com.vn/insecure/rs:fill:0:0/q:90/plain/https://cellphones.com.vn/media/wysiwyg/Phone/Samsung/samsung_s/Samsung-S24/samsung-galaxy-s24-ultra-35.jpg" alt="Công nghệ chụp đêm vượt trội trên Samsung S24 Ultra kết hợp cùng sự hỗ trợ của AI" /></figure>
<h2 class="wp-block-heading"><strong>Có thể chuyển đổi từ iOS sang Galaxy hay không?</strong></h2>
<p>Nếu bạn đang cân nhắc <strong>chuyển từ iPhone sang Galaxy S24 Ultra</strong>, bạn có thể yên tâm rằng việc chuyển dữ liệu của bạn sẽ dễ dàng. Với ứng dụng <strong>Smart Switch</strong> của Samsung, bạn có thể chuyển toàn bộ dữ liệu ảnh, danh bạ, lịch và ứng dụng của mình sang điện thoại Galaxy mới của mình chỉ trong vài phút.</p>
<p>Ứng dụng Smart Switch sẽ tự động quét iPhone của bạn để tìm dữ liệu có thể chuyển. Bạn có thể chọn dữ liệu nào bạn muốn chuyển, bao gồm:</p>
<p>– Ảnh</p>
<p>– Danh bạ</p>
<p>– Lịch</p>
<p>– Ghi chú</p>
<p>– Cài đặt thiết bị</p>
<p>– …</p>
<figure class="wp-block-image"><img decoding="async" title="Smart Switch của Samsung giúp chuyển đổi thiết bị từ iPhone sang S24 Ultra và các thiết bị Galaxy khác" src="https://cdn2.cellphones.com.vn/insecure/rs:fill:0:0/q:90/plain/https://cellphones.com.vn/media/wysiwyg/Phone/Samsung/samsung_s/Samsung-S24/samsung-galaxy-s24-ultra-30.jpg" alt="Smart Switch của Samsung giúp chuyển đổi thiết bị từ iPhone sang S24 Ultra và các thiết bị Galaxy khác" /></figure>
<h2 class="wp-block-heading"><strong>Samsung S24 bản Ultra có chống nước, chống bụi không?</strong></h2>
<p>Câu trả lời là có: <strong>Samsung S24 Ultra có khả năng chống nước và chống bụi với xếp hạng IP68</strong>. Điều này có nghĩa là điện thoại có thể ở trong nước ở độ sâu <strong>1,5 mét trong tối đa 30 phút</strong> (Lưu ý: tuỳ theo điều kiện khác nhau và thời gian sử dụng mà khả năng chống nước có thể thay đổi). Khả năng chống nước và chống bụi của Samsung S24 bản Ultra là một tính năng hữu ích cho những người muốn sử dụng điện thoại của họ trong nhiều điều kiện khác nhau.</p>
<figure class="wp-block-image"><img decoding="async" title="S24 Ultra có thể ở trong nước ở độ sâu 1,5 mét trong tối đa 30 phút với chuẩn IP68" src="https://cdn2.cellphones.com.vn/insecure/rs:fill:0:0/q:90/plain/https://cellphones.com.vn/media/wysiwyg/Phone/Samsung/samsung_s/Samsung-S24/samsung-galaxy-s24-ultra-31.jpg" alt="S24 Ultra có thể ở trong nước ở độ sâu 1,5 mét trong tối đa 30 phút với chuẩn IP68" /></figure>
<h2 class="wp-block-heading"><strong>Điện thoại Samsung Galaxy S24 Ultra có mấy màu? Màu nào mới?</strong></h2>
<p><strong>Samsung Galaxy S24</strong> còn có nhiều phiên bản màu sắc để người dùng lựa chọn. Lấy cảm hứng từ vẻ đẹp rực rỡ của các loại đá quý, mỗi sắc màu đều được tô điểm thêm nét mềm mại của chất liệu satin, mang đến cảm giác như một viên đá quý được mài giũa tinh xảo đến từng đường nét.</p>
<p>Phiên bản màu sắc của Samsung Galaxy S24 Ultra bao gồm <strong>4 màu</strong>:</p>
<p>–<strong> Xám Titan:</strong> Màu sắc này mang đến vẻ ngoài sang trọng và lịch lãm</p>
<p>– <strong>Tím Titan:</strong> Màu sắc mới lạ và độc đáo, mang đến vẻ ngoài</p>
<p>–<strong> Đen Titan:</strong> Mang đến vẻ ngoài thời thượng và tinh tế</p>
<p>– <strong>Vàng Titan:</strong> Mang đến vẻ ngoài quý phái, đẳng cấp</p>
<p>Bạn có thể lựa chọn phiên bản <strong>màu sắc titan</strong> phù hợp với sở thích và phong cách của mình.</p>
<figure class="wp-block-image"><img decoding="async" title="Samsung S24 Ultra có 4 màu sắc titan độc đáo là Xám, Tím, Đen và Vàng" src="https://cdn2.cellphones.com.vn/insecure/rs:fill:0:0/q:90/plain/https://cellphones.com.vn/media/wysiwyg/Phone/Samsung/samsung_s/Samsung-S24/samsung-galaxy-s24-ultra-40_1.jpg" alt="Samsung S24 Ultra có 4 màu sắc titan độc đáo là Xám, Tím, Đen và Vàng" /></figure>
<p><em>Samsung S24 Ultra có 4 màu sắc titan độc đáo là Xám, Tím, Đen và Vàng</em></p>
<h2 class="wp-block-heading"><strong>Galaxy S24 Ultra có dung lượng RAM/ROM là bao nhiêu?</strong></h2>
<p><strong>SS Galaxy S24 Ultra</strong> được trang bị <strong>RAM 12GB đi cùng bộ nhớ trong 256GB, 512GB hoặc 1TB</strong>. Dung lượng RAM lớn giúp điện thoại xử lý đa nhiệm mượt mà, không bị giật lag khi chạy nhiều ứng dụng cùng lúc. Dung lượng ROM lớn mang đến không gian lưu trữ rộng rãi, cho phép người dùng lưu trữ nhiều ảnh, video, nhạc, ứng dụng và trò chơi.</p>
<figure class="wp-block-image"><img decoding="async" title="SS Galaxy S24 Ultra được trang bị RAM 12GB đi cùng bộ nhớ trong 256GB, 512GB hoặc 1TB" src="https://cdn2.cellphones.com.vn/insecure/rs:fill:0:0/q:90/plain/https://cellphones.com.vn/media/wysiwyg/Phone/Samsung/samsung_s/Samsung-S24/samsung-galaxy-s24-ultra-39.jpg" alt="SS Galaxy S24 Ultra được trang bị RAM 12GB đi cùng bộ nhớ trong 256GB, 512GB hoặc 1TB" /></figure>
<p><em>SS Galaxy S24 Ultra được trang bị RAM 12GB đi cùng bộ nhớ trong 256GB, 512GB hoặc 1TB</em></p>
<h2 class="wp-block-heading"><strong>Galaxy S24 Ultra có đi kèm bút S-Pen không?</strong></h2>
<p><strong>Bút S-Pen</strong> là một trong những tính năng nổi bật của dòng Galaxy Note của Samsung. Với sự ra mắt của Galaxy S24 phiên bản Ultra, bút S Pen đã được tích hợp vào điện thoại, mang đến cho người dùng trải nghiệm viết vẽ và điều khiển máy một cách tiện lợi và thoải mái hơn.</p>
<figure class="wp-block-image"><img decoding="async" title="Bút S Pen tích hợp trên Galaxy S24 Ultra có thiết kế nhỏ gọn và sang trọng" src="https://cdn2.cellphones.com.vn/insecure/rs:fill:0:0/q:90/plain/https://cellphones.com.vn/media/wysiwyg/Phone/Samsung/samsung_s/Samsung-S24/samsung-galaxy-s24-ultra-42_1.jpg" alt="Bút S Pen tích hợp trên Galaxy S24 Ultra có thiết kế nhỏ gọn và sang trọng" /></figure>
<p><em>Bút S Pen tích hợp trên Galaxy S24 Ultra có thiết kế nhỏ gọn và sang trọng</em></p>
<p>Bút S Pen <strong>tích hợp trên Galaxy S24 Ultra</strong> có thiết kế nhỏ gọn và sang trọng. Thân bút được làm bằng chất liệu cao cấp, có độ bền cao. Bút có độ trễ cực thấp, mang đến trải nghiệm viết vẽ mượt mà và chính xác.</p>
<h2 class="wp-block-heading"><strong>Trải nghiệm ngay trên tay sản phẩm Samsung S24 Ultra tại cửa hàng CellphoneS</strong></h2>
<p>Nhằm giúp khách hàng có thể trải nghiệm trực tiếp và đánh giá khách quan về sản phẩm Galaxy AI mới đến từ Samsung, CellphoneS đã trang bị khu vực trưng bày hiện đại tại một số cửa hàng trên toàn quốc. Bạn có thể tìm kiếm cửa hàng trải nghiệm gần nhất tại website CellphoneS và tận tay vuốt chạm, tận mắt chứng kiến những công nghệ hiện đại trên Samsung S24 Ultra.</p>
<figure class="wp-block-image"><img decoding="async" src="https://cdn2.cellphones.com.vn/insecure/rs:fill:0:0/q:90/plain/https://cellphones.com.vn/media/wysiwyg/Phone/Samsung/samsung_s/Samsung-S24/4096-2731-max_5_.jpg" alt="Trải nghiệm ngay trên tay sản phẩm Samsung S24 Ultra tại cửa hàng CellphoneS" /></figure>
<figure class="wp-block-image"><img decoding="async" src="https://cdn2.cellphones.com.vn/insecure/rs:fill:0:0/q:90/plain/https://cellphones.com.vn/media/wysiwyg/Phone/Samsung/samsung_s/Samsung-S24/samsung-galaxy-s24-ultra-9.jpg" alt="Trải nghiệm ngay trên tay sản phẩm Samsung S24 Ultra tại cửa hàng CellphoneS" /></figure>
<h2 class="wp-block-heading"><strong>Tổng hợp tin đồn Samsung S24 Ultra trước ngày ra mắt</strong></h2>
<p>Dù chưa ra mắt nhưng Samsung Galaxy S24 Ultra đã thu hút sự chú ý của các tín đồ công nghệ, đặc biệt là Samfans. Sau đây là những tin tức cập nhật <strong>Samsung Galaxy S24 có gì mới</strong> được cập nhật thường xuyên để bạn tham khảo nhanh chóng:</p>
<p>– Thiết kế vuông vức</p>
<p>– Chụp đêm tốt hơn với camera AI 200MP</p>
<p>– Thiết kế độ dày mỏng hơn so với S23</p>
<p>– S24 2024 Ultra sở hữu 4 màu mới: Titanium Black (Đen), Titanium Gray (Xám), Titanium Violet (Tím), and Titanium Yellow (Vàng)</p>
<p>– Khung viền titan hoàn toàn mới, cứng cáp và mỏng nhẹ hơn</p>
<p>– Nhiều tính năng AI được tích hợp với Samsung Gauss AI</p>
<p>Cụ thể như sau:</p>
<h3 class="wp-block-heading"><strong>Rò rỉ hình ảnh thực tế của Samsung S24 Ultra (Update ngày 10/1/2024)</strong></h3>
<p><strong>Ảnh thực tế của Galaxy S24 Ultra</strong> vừa bị rò rỉ trên internet đã làm hé lộ gần như <strong>trọn vẹn thiết kế</strong> của mẫu smartphone cao cấp sắp được ra mắt này. Theo đó, 2 hình ảnh mặt trước và mặt sau của Galaxy mới vừa được tài khoản Twitter có tên Amir chia sẻ. Những hình ảnh này cho thấy trên sản phẩm có dán số hiệu, nhiều khả năng đây là sản phẩm hoàn thiện và đang được thử nghiệm trong nhà máy lắp ráp của Samsung.</p>
<figure class="wp-block-image"><img decoding="async" src="https://cdn2.cellphones.com.vn/insecure/rs:fill:0:0/q:90/plain/https://cellphones.com.vn/media/wysiwyg/Phone/Samsung/samsung_s/Samsung-S24/samsung-galaxy-s24-ultra-55.png" alt="Rò rỉ hình ảnh thực tế của Samsung S24 Ultra " /></figure>
<p>Sản phẩm vẫn sở hữu thiết kế tổng thể vuông vức và hầu như không có sự khác biệt nào so với bộ đôi Galaxy S22 Ultra và S23 Ultra ra mắt trước đây. Tuy nhiên, nếu quan sát kỹ, bạn có thể nhận ra Galaxy S24 Ultra sở hữu màn hình phẳng, giúp điện thoại trở nên sắc nét và mạnh mẽ hơn, thay vì kiểu thiết kế màn hình cong như các phiên bản tiền nhiệm.</p>
<p>Mặt sau của sản phẩm vẫn là cụm 4 camera kèm cảm biến laser lấy nét như phiên bản cũ. Nhiều nguồn tin cho biết Samsung vẫn trang bị camera chính 200 megapixel, tuy nhiên, camera tele hỗ trợ zoom quang học 10x sẽ bị thay thế bởi camera tele zoom quang học 5x.</p>
<h3 class="wp-block-heading"><strong>Samsung chính thức xác nhận thời gian ra mắt Samsung Galaxy S24 Series (Cập nhật ngày 3/1/2024)</strong></h3>
<p>Thông tin Samsung sẽ cho ra mắt hàng loạt sản phẩm <strong>Samsung Galaxy S mới</strong> vào ngày 17/1/2024 đã được lan truyền trước đó. Mới đây Samsung Việt Nam đã chính thức lên tiếng xác nhận rằng sự kiện sẽ diễn ra vào lúc 10 giờ sáng ngày 17/1/2024 theo giờ PDT, tương đương với 1 giờ sáng ngày 18/1/2024 theo giờ Việt Nam. Sự kiện sẽ được phát trực tiếp trên trang web và kênh YouTube của Samsung.</p>
<figure class="wp-block-image"><img decoding="async" src="https://cdn2.cellphones.com.vn/insecure/rs:fill:0:0/q:90/plain/https://cellphones.com.vn/media/wysiwyg/Phone/Samsung/samsung_s/Samsung-S24/samsung-galaxy-s24-ultra-50.jpg" alt="Samsung Galaxy S24 Ultra" /></figure>
<p>Samsung Galaxy S24 Ultra là 1 trogn những chiếc smartphone hàng đầu của Samsung, được trang bị nhiều tính năng AI thông minh. Trí tuệ nhân tạo đang trở thành xu hướng chủ đạo của các smartphone cao cấp, với chipset Qualcomm Snapdragon 8 Gen 3 đều được tích hợp khả năng AI ấn tượng.</p>
<h3 class="wp-block-heading"><strong>Có thể không còn camera tiềm vọng trên Samsung S24 Ultra (Cập nhật ngày 27/12/2023)</strong></h3>
<p>Theo các nguồn tin ban đầu, <strong>điện thoại Samsung S24</strong> bản Ultra một <strong>camera tiềm vọng độ phân giải 50MP</strong> với khả năng zoom quang 5x. Tuy nhiên, sau đó, báo The Elec lại đưa tin sản phẩm sẽ có camera tiềm vọng độ phân giải 10 megapixel với khả năng zoom quang 10x.</p>
<p>Mới đây, tài khoản X đã đăng tải hình ảnh SS S24 Ultra, cho thấy chiếc điện thoại này vẫn có camera tiềm vọng độ phân giải 50 megapixel với khả năng zoom quang 10x, giống như các nguồn tin ban đầu.</p>
<figure class="wp-block-image"><img decoding="async" title="Nhiều thông tin cho thấy Samsung S24 bản Ultra vẫn có camera tiềm vọng độ phân giải 50MP với khả năng zoom quang 10x" src="https://cdn2.cellphones.com.vn/insecure/rs:fill:0:0/q:90/plain/https://cellphones.com.vn/media/wysiwyg/Phone/Samsung/samsung_s/Samsung-S24/Samsung-S24-ultra-40.png" alt="Nhiều thông tin cho thấy Samsung S24 bản Ultra vẫn có camera tiềm vọng độ phân giải 50MP với khả năng zoom quang 10x" /></figure>
<p><em>Điện thoại Samsung S24 bản Ultra một camera tiềm vọng độ phân giải 50MP</em></p>
<p>Việc <strong>điện thoại S24 bản Ultra</strong> sử dụng camera tiềm vọng độ phân giải <strong>50 megapixel</strong> được đánh giá là quyết định sáng suốt của Samsung. Cảm biến lớn hơn giúp hình ảnh có chi tiết tốt hơn, đặc biệt là khi zoom xa. Ngoài ra, thiết bị có thể sử dụng công nghệ crop cảm biến hay zoom kỹ thuật số để đạt được mức zoom 10x.</p>
<p>Bên cạnh camera, <strong>S24 Ultra</strong> dự kiến sẽ được cải tiến với thiết kế phẳng hơn, khung sườn bằng titanium, màn hình Dynamic AMOLED 2X kích thước 6,8 inch độ phân giải QHD, chip Snapdragon 8 Gen 3, RAM 12 GB và hai phiên bản bộ nhớ trong là 256 và 512 GB, 1TB. Pin vẫn giữ dung lượng 5.000 mAh.</p>
]]></content:encoded>
					
					<wfw:commentRss>/san-pham/samsung-s23-ultra/feed/</wfw:commentRss>
			<slash:comments>0</slash:comments>
		
		
			</item>
	</channel>
</rss>
