<?xml version="1.0" encoding="UTF-8"?><rss version="2.0"
	xmlns:content="http://purl.org/rss/1.0/modules/content/"
	xmlns:dc="http://purl.org/dc/elements/1.1/"
	xmlns:atom="http://www.w3.org/2005/Atom"
	xmlns:sy="http://purl.org/rss/1.0/modules/syndication/"
	
	xmlns:georss="http://www.georss.org/georss"
	xmlns:geo="http://www.w3.org/2003/01/geo/wgs84_pos#"
	
	>
<channel>
	<title>
	Các phản hồi luận về: SAMSUNG S24 ULTRA	</title>
	<atom:link href="http://localhost/mypj/wordpress/2024/03/25/samsung-s24-ultra/feed/?simply_static_page=79176" rel="self" type="application/rss+xml" />
	<link>/2024/03/25/samsung-s24-ultra/</link>
	<description></description>
	<lastBuildDate>Mon, 25 Mar 2024 11:02:17 +0000</lastBuildDate>
	<sy:updatePeriod>
	hourly	</sy:updatePeriod>
	<sy:updateFrequency>
	1	</sy:updateFrequency>
	<generator>https://wordpress.org/?v=6.4.3</generator>
</channel>
</rss>
